:02000002B0004C
:1040000000400B00FA740C000000060019000502C5
:084010000401A11800000000EA
:04401800844D0C00C7
:1040200081F0004102E000BF83F0004330B54FEA69
:1040300041044FEA430594EA050F08BF90EA020FD6
:104040001FBF54EA000C55EA020C7FEA645C7FEA69
:10405000655C00F0E2804FEA5454D4EB5555B8BF8C
:104060006D420CDD2C4480EA020281EA030382EAFD
:10407000000083EA010180EA020281EA0303362D8F
:1040800088BF30BD11F0004F4FEA01314FF4801C62
:104090004CEA113102D0404261EB410113F0004F74
:1040A0004FEA03334CEA133302D0524263EB43032B
:1040B00094EA050F00F0A780A4F10104D5F1200EC9
:1040C0000DDB02FA0EFC22FA05F2801841F1000124
:1040D00003FA0EF2801843FA05F359410EE0A5F1F8
:1040E00020050EF1200E012A03FA0EFC28BF4CF029
:1040F000020C43FA05F3C01851EBE37101F00045DF
:1041000007D54FF0000EDCF1000C7EEB00006EEBEB
:104110000101B1F5801F1BD3B1F5001F0CD3490875
:104120005FEA30004FEA3C0C04F101044FEA4452CC
:1041300012F5800F80F09A80BCF1004F08BF5FEA53
:10414000500C50F1000041EB045141EA050130BD33
:104150005FEA4C0C404141EB0101013C28BFB1F545
:10416000801FE9D291F0000F04BF01460020B1FA90
:1041700081F308BF2033A3F10B03B3F120020CDA63
:104180000C3208DD02F1140CC2F10C0201FA0CF041
:1041900021FA02F10CE002F11402D8BFC2F1200CA6
:1041A00001FA02F120FA0CFCDCBF41EA0C0190405C
:1041B000E41AA2BF01EB0451294330BD6FEA0404A5
:1041C0001F3C1CDA0C340EDC04F11404C4F1200290
:1041D00020FA04F001FA02F340EA030021FA04F3A2
:1041E00045EA030130BDC4F10C04C4F1200220FAF9
:1041F00002F001FA04F340EA0300294630BD21FA37
:1042000004F0294630BD94F0000F83F4801306BFFC
:1042100081F480110134013D4EE77FEA645C18BFF0
:104220007FEA655C29D094EA050F08BF90EA020F87
:1042300005D054EA000C04BF1946104630BD91EA7F
:10424000030F1EBF0021002030BD5FEA545C05D182
:104250004000494128BF41F0004130BD14F58004C1
:104260003CBF01F5801130BD01F0004545F0FE4135
:1042700041F470014FF0000030BD7FEA645C1ABF6A
:10428000194610467FEA655C1CBF0B46024650EAA1
:10429000013406BF52EA033591EA030F41F40021CD
:1042A00030BD00BF90F0000F04BF0021704730B553
:1042B0004FF4806404F132044FF000054FF0000128
:1042C00050E700BF90F0000F04BF0021704730B5E9
:1042D0004FF4806404F1320410F0004548BF4042BE
:1042E0004FF000013EE700BF42004FEAE2014FEA13
:1042F00031014FEA02701FBF12F07F4393F07F4FEE
:1043000081F06051704732F07F4208BF704793F0F0
:104310007F4F04BF41F40021704730B54FF4607403
:1043200001F0004521F000411CE700BF50EA010206
:1043300008BF704730B54FF000050AE050EA0102AF
:1043400008BF704730B511F0004502D5404261EB1F
:1043500041014FF4806404F132045FEA915C3FF460
:10436000D8AE4FF003025FEADC0C18BF03325FEAFD
:10437000DC0C18BF033202EBDC02C2F1200300FAAE
:1043800003FC20FA02F001FA03FE40EA0E0021FAD3
:1043900002F11444BDE600BF70B54FF0FF0C4CF4C1
:1043A000E06C1CEA11541DBF1CEA135594EA0C0F73
:1043B00095EA0C0F00F0DEF82C4481EA030621EAAE
:1043C0004C5123EA4C5350EA013518BF52EA0335E9
:1043D00041F4801143F4801338D0A0FB02CE4FF09B
:1043E0000005E1FB02E506F00042E0FB03E54FF0CB
:1043F0000006E1FB03569CF0000F18BF4EF0010EC3
:10440000A4F1FF04B6F5007F64F5407404D25FEABE
:104410004E0E6D4146EB060642EAC62141EA555171
:104420004FEAC52040EA5E504FEACE2EB4F1FD0CB3
:1044300088BFBCF5E06F1ED8BEF1004F08BF5FEA31
:10444000500E50F1000041EB045170BD06F00046E3
:1044500046EA010140EA020081EA0301B4EB5C0490
:10446000C2BFD4EB0C0541EA045170BD41F4801188
:104470004FF0000E013C00F3AB8014F1360FDEBFAD
:10448000002001F0004170BDC4F10004203C35DA89
:104490000C341BDC04F11404C4F1200500FA05F30C
:1044A00020FA04F001FA05F240EA020001F00042AD
:1044B00021F0004110EBD37021FA04F642EB060123
:1044C0005EEA430E08BF20EAD37070BDC4F10C044D
:1044D000C4F1200500FA04F320FA05F001FA04F211
:1044E00040EA020001F0004110EBD37041F10001FD
:1044F0005EEA430E08BF20EAD37070BDC4F1200508
:1045000000FA05F24EEA020E20FA04F301FA05F26F
:1045100043EA020321FA04F001F0004121FA04F217
:1045200020EA020000EBD3705EEA430E08BF20EAE7
:10453000D37070BD94F0000F0FD101F00046400021
:1045400041EB010111F4801F08BF013CF7D041EAA3
:10455000060195F0000F18BF704703F000465200A7
:1045600043EB030313F4801F08BF013DF7D043EA78
:104570000603704794EA0C0F0CEA135518BF95EA2E
:104580000C0F0CD050EA410618BF52EA4306D1D1B5
:1045900081EA030101F000414FF0000070BD50EAD4
:1045A000410606BF1046194652EA430619D094EA5E
:1045B0000C0F02D150EA013613D195EA0C0F05D148
:1045C00052EA03361CBF104619460AD181EA03019C
:1045D00001F0004141F0FE4141F470014FF0000054
:1045E00070BD41F0FE4141F4780170BD70B54FF0EF
:1045F000FF0C4CF4E06C1CEA11541DBF1CEA13556F
:1046000094EA0C0F95EA0C0F00F0A7F8A4EB050450
:1046100081EA030E52EA03354FEA013100F0888047
:104620004FEA03334FF0805545EA131343EA126310
:104630004FEA022245EA111545EA10654FEA0026C5
:104640000EF000419D4208BF964244F1FD0404F57E
:10465000407402D25B084FEA3202B61A65EB0305DA
:104660005B084FEA32024FF480104FF4002CB6EB97
:10467000020E75EB030E22BFB61A754640EA0C0017
:104680005B084FEA3202B6EB020E75EB030E22BF57
:10469000B61A754640EA5C005B084FEA3202B6EB98
:1046A000020E75EB030E22BFB61A754640EA9C0057
:1046B0005B084FEA3202B6EB020E75EB030E22BF27
:1046C000B61A754640EADC0055EA060E18D04FEAE5
:1046D000051545EA16754FEA06164FEAC30343EA85
:1046E00052734FEAC2025FEA1C1CC0D111F4801F52
:1046F0000BD141EA00014FF000004FF0004CB6E74B
:1047000011F4801F04BF01430020B4F1FD0C88BFE9
:10471000BCF5E06F3FF6AFAEB5EB030C04BFB6EBF4
:10472000020C5FEA500C50F1000041EB045170BDE7
:104730000EF0004E4EEA113114EB5C04C2BFD4EB14
:104740000C0541EA045170BD41F480114FF0000E98
:10475000013C90E645EA060E8DE60CEA135594EA14
:104760000C0F08BF95EA0C0F3FF43BAF94EA0C0F17
:104770000AD150EA01347FF434AF95EA0C0F7FF48C
:1047800025AF104619462CE795EA0C0F06D152EAE0
:1047900003353FF4FDAE1046194622E750EA4106C4
:1047A00018BF52EA43067FF4C5AE50EA41047FF4D5
:1047B0000DAF52EA43057FF4EBAE12E74FF0FF3C3A
:1047C00006E000BF4FF0010C02E000BF4FF0010C0B
:1047D0004DF804CD4FEA410C7FEA6C5C4FEA430C84
:1047E00018BF7FEA6C5C1BD001B050EA410C0CBFD3
:1047F00052EA430C91EA030F02BF90EA020F002035
:10480000704710F1000F91EA030F58BF994208BF9B
:1048100090422CBFD8176FEAE37040F00100704758
:104820004FEA410C7FEA6C5C02D150EA013C07D1AF
:104830004FEA430C7FEA6C5CD6D152EA033CD3D0FA
:104840005DF8040B704700BF8446104662468C46F4
:104850001946634600E000BF01B5FFF7B7FF002827
:1048600048BF10F1000F01BD4DF808EDFFF7F4FF50
:104870000CBF012000205DF808FB00BF4DF808EDDB
:10488000FFF7EAFF34BF012000205DF808FB00BFFE
:104890004DF808EDFFF7E0FF94BF012000205DF820
:1048A00008FB00BF4DF808EDFFF7CEFF94BF0120D5
:1048B00000205DF808FB00BF4DF808EDFFF7C4FFCE
:1048C00034BF012000205DF808FB00BF4FEA410C17
:1048D0007FEA6C5C02D150EA013C0AD14FEA430CFA
:1048E0007FEA6C5C02D152EA033C02D14FF0000037
:1048F00070474FF0010070474FEA410212F5001275
:1049000015D211D56FF47873B3EB625212D94FEA16
:10491000C12343F0004343EA505311F0004F23FA00
:1049200002F018BF404270474FF00000704750EA55
:10493000013005D111F0004008BF6FF00040704712
:104940004FF00000704700BF4A0011D212F500126C
:1049500011D20DD56FF47873B3EB62520ED44FEAD7
:10496000C12343F0004343EA505323FA02F0704757
:104970004FF00000704750EA013002D14FF0FF3095
:1049800070474FF0000070474FEA4102B2F1E04338
:1049900024BFB3F5001CDCF1FE5C0DD901F0004C26
:1049A0004FEAC0024CEA5070B2F1004F40EB830076
:1049B00008BF20F00100704711F0804F21D113F1A2
:1049C0003872BCBF01F00040704741F480114FEADB
:1049D0005252C2F11802C2F1200C10FA0CF320FA64
:1049E00002F018BF40F001004FEAC1234FEAD32381
:1049F00003FA0CFC40EA0C0023FA02F34FEA4303EB
:104A0000CCE77FEA625307D150EA01331EBF4FF073
:104A1000FE4040F44000704701F0004040F0FE408E
:104A200040F40000704700BF53B94AB9002908BFDD
:104A300000281CBF4FF0FF314FF0FF3000F092B95B
:104A4000ADF1080C6DE904CE00F024F8DDF804E0C7
:104A5000DDE9022304B07047D0B50C4B00220646B6
:104A60000F46FFF799FCFFF76FFF0446FFF71AFCAC
:104A7000074B0022FFF790FC02460B4630463946B2
:104A8000FFF7D2FAFFF760FF2146D0BD0000F03DEE
:104A90000000F0412DE9F047089D04468E46002BAA
:104AA0004DD18A42944669D9B2FA82F252B101FAE2
:104AB00002F3C2F1200120FA01F10CFA02FC41EAF2
:104AC000030E94404FEA1C48210CBEFBF8F61FFA77
:104AD0008CF708FB16E341EA034306FB07F1994212
:104AE0000AD91CEB030306F1FF3080F01F819942C5
:104AF00040F21C81023E63445B1AA4B2B3FBF8F09F
:104B000008FB103344EA034400FB07F7A7420AD925
:104B10001CEB040400F1FF3380F00A81A74240F24D
:104B200007816444023840EA0640E41B00261DB1B8
:104B3000D4400023C5E900433146BDE8F0878B42ED
:104B400009D9002D00F0EF800026C5E900013046AC
:104B50003146BDE8F087B3FA83F6002E4AD18B4286
:104B600002D3824200F2F980841A61EB0303012030
:104B70009E46002DE0D0C5E9004EDDE702B9FFDE1C
:104B8000B2FA82F2002A40F09280A1EB0C014FEAC7
:104B90001C471FFA8CFE0126200CB1FBF7F307FB24
:104BA000131140EA01410EFB03F0884208D91CEBC7
:104BB000010103F1FF3802D2884200F2CB80434664
:104BC000091AA4B2B1FBF7F007FB101144EA014443
:104BD0000EFB00FEA64508D91CEB040400F1FF31D2
:104BE00002D2A64500F2BB800846A4EB0E0440EAC0
:104BF00003409CE7C6F12007B34022FA07FC4CEAC9
:104C0000030C20FA07F401FA06F31C43F9404FEABB
:104C10001C4900FA06F3B1FBF9F8200C1FFA8CFED0
:104C200009FB181140EA014108FB0EF0884202FA24
:104C300006F20BD91CEB010108F1FF3A80F08880E5
:104C4000884240F28580A8F102086144091AA4B2A2
:104C5000B1FBF9F009FB101144EA014100FB0EFE23
:104C60008E4508D91CEB010100F1FF346CD28E4552
:104C70006AD90238614440EA0840A0FB0294A1EBE3
:104C80000E01A142C846A64656D353D05DB1B3EB40
:104C9000080261EB0E0101FA07F722FA06F3F14070
:104CA0001F43C5E9007100263146BDE8F087C2F117
:104CB0002003D8400CFA02FC21FA03F3914001438F
:104CC0004FEA1C471FFA8CFEB3FBF7F007FB1036C8
:104CD0000B0C43EA064300FB0EF69E4204FA02F474
:104CE00008D91CEB030300F1FF382FD29E422DD9C7
:104CF000023863449B1B89B2B3FBF7F607FB1633FC
:104D000041EA034106FB0EF38B4208D91CEB01017B
:104D100006F1FF3816D28B4214D9023E6144C91AFB
:104D200046EA004638E72E46284605E70646E3E60B
:104D30001846F8E64B45A9D2B9EB020864EB0C0E15
:104D40000138A3E74646EAE7204694E74046D1E724
:104D5000D0467BE7023B614432E7304609E76444D2
:104D6000023842E7704700BF10F8012B11F8013BF1
:104D7000012A28BF9A42F7D0D01A7047034613F889
:104D8000012B002AFBD1181A0138704709480A493B
:104D9000884208B505D0094A824202D0121A0FF0A3
:104DA0007FFE0748074A0021121A0FF0A1FE0148B2
:104DB00008BD00BFA4D3032024740C0038D4032002
:104DC00038D40320F8DF032070B5074E074C0CF0F1
:104DD000CDFFA41BA4080025AC4200D170BD56F83D
:104DE000043B98470135F7E7A0730C00F8730C00FB
:104DF00000F0E6B808B500F0F0F8BDE808400CF0A7
:104E00006DBF0AF097BE0AF095BE0AF09BBE000087
:104E100000B58DB02C22002101A874460FF068FE69
:104E2000054B0193054B029304947B46002101A896
:104E300003930AF05DFDFEE72C000C00984D0C007A
:104E40007047704710B5012303748368044643B16B
:104E5000C0689847012363740020BDE810400AF041
:104E600067BB00680028F5D083680BB90EF036FCEC
:104E7000C368EEE7012A02D1016000207047022AD0
:104E800004BF0B680360F8E7036818470A4B10B5C6
:104E9000044603600BF050FE21460CF09AF80DF02A
:104EA0006BFB0DF05DFB2046044B40F8043B0BF020
:104EB00019FF204610BD00BFEC4D0C00D44D0C0076
:104EC00010B50446FFF7E2FF20462421FFF79DFFBF
:104ED000204610BD10B58368044613B10322014675
:104EE0009847204610BD38B50568044635B12846B8
:104EF000FFF7F0FF10212846FFF787FF2046142117
:104F0000BDE83840FFF781BF2DE9F34104460E4666
:104F10001420164990461F460EF0DCFB30B10025E8
:104F2000C0E90055C0E9025505744574206098B188
:104F3000099B9DF82020C0E902873146CDE9000396
:104F40000B4B04300AF08CFA30B923681B7C4BB948
:104F500001200AF03DFAF8E720680023236008B139
:104F6000FFF7C1FF204602B0BDE8F081F8700C00E9
:104F7000454E0B0038B5064D2B683BB94420FFF772
:104F800040FF044608B101F015FA2C60286838BDCE
:104F9000BCD603201FB5FFF7EDFF0849044668465D
:104FA0000BF089F96946204601F082FA68460BF059
:104FB00037F904B0BDE810400AF0CCBFAD4D0C008D
:104FC00008B50DF0D9FA4FF416510DF0C5FAFFF7F8
:104FD000D1FFBDE8084002F031BB08B5FFF7CAFFBA
:104FE000BDE8084002F0BABC70B5D0E90053142601
:104FF000044606FB0356AE4204D028460BF010F9D7
:105000001435F8E720680AF09DFD204670BD8842FF
:10501000F8B504460D46164616D9904215D2A2F1AF
:105020001406751AA1F114072C44B7421CD02CB1F8
:10503000314620460BF071F9337C237430460BF077
:10504000EFF8143E143CF0E70ED0B5420CD02CB172
:10505000294620460BF061F92B7C237428460BF07F
:10506000DFF814351434F0E7F8BD2DE9F0410023E2
:10507000C0E9003383604F689F4204460E4623DD3B
:105080004FF0140808FB07F00AF054FD0546D8B1AC
:10509000D4E9001208FB0212FFF7B9FF20680AF0FA
:1050A00051FD2560A760D6E9007308FB0378B84579
:1050B00008D0394628460BF04AF93B7C2B7414374C
:1050C0001435F4E7736863602046BDE8F0810000A2
:1050D00070B5002190B001200AF02CFC364B374A05
:1050E0009A600025C3E9005502200AF013FC01F084
:1050F00097F9CDE9035505950DF03EFA03A906464B
:1051000006A82F4CFFF7B1FF06A909A8FFF7ADFFCE
:105110002C4B236009A90CA8FFF7A7FF0CAA1E219E
:10512000201D0CF039F80CA8FFF75EFF09A8FFF767
:105130005BFF254B2360266206A8FFF755FF234B34
:1051400023600DF019FA4FF416510DF005FA0BF02B
:10515000F3FC21460BF0F6FE03A8FFF745FF1C4BBE
:105160000C931C4B1C4C0F931C4B0E931C4B23603D
:1051700002220CA9E560201DFFF77CFE0F9B236136
:105180000E9BE3600AF034F9164B18600420FFF719
:1051900038FE054648B109234FF40072CDE90032CC
:1051A0001149124A2346FFF7AFFE65610CA8FFF7CD
:1051B00091FE10B070BD00BF5CD403200000FFFF63
:1051C00038D40320D44D0C005C6E0C00EC4D0C0068
:1051D000954F0B00894E0B0068D40320754E0B00D1
:1051E000C0270900D4DF0320C34D0C004D360C004E
:1051F0000EB400B58CB00DAA4FF0200C52F8041B71
:105200000392CDE900120023016804AA1E20CDE913
:1052100004C30AF055FB0CB05DF804EB03B0704713
:1052200038B50C460021054608460AF031F9002140
:1052300001200AF02DF904F138010FC985E80F00AB
:10524000284638BD1FB501466846FFF7E9FF6846A6
:1052500009F022FC05B05DF804FB1FB50146684665
:10526000FFF7DEFF684609F00BFC05B05DF804FBB4
:105270001FB501466846FFF7D3FF684609F0F4FB07
:105280006423B0FBF3F202FB1300C0B205B05DF87B
:1052900004FB38B50C460021054608460AF0F8F82C
:1052A000002101200AF0F4F804F148010FC985E853
:1052B0000F00284638BD1FB501466846FFF7E9FFD5
:1052C000684609F00BFC05B05DF804FB1FB501460C
:1052D0006846FFF7DEFF684609F0F2FB05B05DF8AF
:1052E00004FB1FB501466846FFF7D3FF684609F087
:1052F000DDFB05B05DF804FB38B5064D2B683BB906
:105300000520FFF77EFD044608B104F019FE2C606D
:10531000286838BDF0DA03200022027070470000D0
:1053200010B50378044603BBFFF7E6FF012104F044
:105330006FFF4FF4FA600CF0F7FA0EF03FF94FF4FC
:1053400016510DF013FC0EF039F90146084809F02A
:10535000A9F8074809F032F9054809F087F8012350
:10536000044905482370FFF743FF012010BD00BF2B
:1053700084D40320FC4D0C00D0DE032010B503784C
:10538000044683B1FFF7B8FF002104F0C9FFFFF71F
:10539000B3FF002104F0B2FFFFF7AEFF002104F0DD
:1053A00037FF00232370012010BD00002DE9F043DA
:1053B0000B7891B00446002B54D02B4D2B7A23B997
:1053C0002A4920460AF077FF48E00AF011F8EB6B13
:1053D000C01A42F210739842F2D805F1080009F0A1
:1053E000D7FA05F1080059EC108B09F0F5FA494697
:1053F000404657EC106BFFF7C7FA062100EE100A83
:1054000004A80AF0ECFF04A908A80AF0A0FF1849B4
:1054100008A80BF03EF8394605463046FFF7B4FAC7
:10542000062100EE100A0CA80AF0D9FF0CA92846A4
:105430000BF023F8014668460AF089FF0CA80AF031
:10544000EFFE08A80AF0ECFE04A80AF0E9FE69469F
:1054500020460AF062FF68460AF0E2FE204611B0DC
:10546000BDE8F0830149ADE784D40320A7610C00B7
:10547000244E0C0070B50B7888B0054663B3184C09
:10548000237A33B309F0B4FFE36BC01A267A1549C7
:10549000154BD4F8A0210390002E08BF0B46002125
:1054A00084F8A110D4F8A8100092CDE90131D4F805
:1054B0009821D4F8A4310D4904A80BF09BF804A955
:1054C00028460AF02AFF04A80AF0AAFE284608B0D7
:1054D00070BD4FF0FF30D9E705490AF0ECFEF5E763
:1054E00084D403202A4E0C00264E0C002D4E0C00B6
:1054F000654E0C00F0B52049204889B0FFF778FED2
:105500001F4968460AF0D7FE00250EF057F80368D9
:105510001B699847B8B91B4F184E0024029BA34241
:1055200022461ED95034A342A8BF2346694604A888
:105530000BF00AF83046049A3946FFF759FE04A8E2
:105540000AF06EFEEAE70EF039F803685B699847E7
:105550000135C1B268460AF083FFB5F5FA7FD4D1B0
:10556000D9E7094905482A46FFF742FE68460AF08E
:1055700057FE09B0F0BD00BF6D4E0C00D0DE032019
:10558000036B0C00505D0C00824E0C0030B50B78A4
:1055900089B005466BB31C4C6068FFF769FE1E308E
:1055A000ADF80A006068FFF758FE8DF809006068E2
:1055B000FFF748FE8DF808006068FFF792FE8DF84F
:1055C00006006068FFF782FE8DF805006068FFF74F
:1055D00072FE8DF8040001A805F066FF0A2203A9F7
:1055E0000AF0A8FD03A928460AF065FE284609B07E
:1055F00030BD1E22ADF80830ADF80A20ADF80430F9
:105600008DF80630E7E700BF84D40320014808F096
:10561000CBBF00BF84D40320014B00221A60704727
:1056200078D60320436913B183690C30184770475B
:1056300013B500210446084609F02AFF002320463E
:1056400001A9019309F03CFF019C0CB101232371D6
:105650000021012009F01CFF2CB1236820469B6823
:1056600098470023237102B010BD000038B5114CDB
:105670002368013323600CF07FFF0F490BF04AF8D9
:105680000CF07AFF2468002C054610DA2D210BF06F
:1056900045F861420A2228460BF05FF828460BF0D5
:1056A00044F8BDE83840002112200DF017BF214614
:1056B000F0E700BF78D603209D4E0C000EB403B572
:1056C00003AB012153F8042B01930BF064F802B0F3
:1056D0005DF804EB03B0704737B504468068C8B185
:1056E00000256FF00043CDE9003502212B462A4604
:1056F00009F0EEFEA068294609F022FF237903F0A5
:10570000FF0513B109F0B4FEF8E7A068294609F0D7
:10571000CFFEA56003B030BD38B50546054B45F852
:105720000C3B0446FFF7D8FF2846FFF7D3FB204683
:1057300038BD00BFCC500C0010B50446FFF7ECFF9D
:1057400020461C21FFF761FB204610BD38B5064DF1
:105750002B683BB90420FFF754FB044608B102F064
:105760000BFD2C60286838BD3CD703200022027056
:10577000427070472DE9F043674FDFF8E081DFF8B2
:10578000E09189B0064601250CF0F6FE0A232A4670
:105790003946FFF793FF0DF079FF0DF097FA0028D7
:1057A00050D10CF0E9FE5D490AF0CBFF0DF06EFF21
:1057B0000DF044FA0DF06AFF59490DF03BFAC8208C
:1057C0000CF0B2F80DF062FF0DF080FA002839D12C
:1057D0000CF0D2FE53490AF0B4FF01350B2DD3D1A2
:1057E0000CF0CAFE50490AF0ACFF0CF0C5FE4F4960
:1057F0004F4D00240AF0A5FF4E4900944FF0FF33AF
:10580000022212200DF0B8F8A86830B1CDE90044AA
:1058100023462246022109F05BFEA86840B100231E
:105820006FF00042CDE9002319461A4609F050FEF8
:105830000CF0A2FE40490AF084FF0120307009B04C
:10584000BDE8F083002398F8001099ED000A3B486A
:105850001A4605F035FC0446B8BB0CF08DFE3849FD
:105860000AF06FFF01220A23BFEE000ACDE90442CD
:10587000CDE90242CDE900443221304805F0A8FCD0
:105880000F220DF11F012D488DF81F4005F0ACF9D6
:105890000CF072FE2B490AF03DFF0CF06DFE9DF8F6
:1058A0001F10044610220AF058FF20460AF03DFF60
:1058B0009DF81F30352B04D10CF05EFE22490AF012
:1058C00040FF0CF059FE214992E70CF055FE2049AB
:1058D0002A46FFF7F3FE0A2D3FF47FAF0CF04CFE93
:1058E0001C490AF02EFF0DF0D1FE0DF0A7F90DF0C6
:1058F000CDFE0B490DF09EF964200CF015F8012D3A
:105900003FF46BAF0CF038FE13490AF01AFF4FF466
:10591000FA600CF009F860E7B24E0C00DC4E0C00A7
:10592000A0860100004F0C00974F0C00CB4F0C00DD
:1059300080D6032019560B001A500C009CD6032069
:105940001B4F0C00394F0C00EB4F0C000E500C009D
:10595000464F0C00614F0C00784F0C00A4D303207D
:10596000A8D3032010B504460348FFF7B5FE002373
:105970002370012010BD00BF80D60320F0B52DEDAF
:10598000028B634D2B68B3F5616F93B040F3B58024
:10599000FFF7DCFE03781BB9FFF7D8FE02F012FC1C
:1059A000FFF7D4FE014605A802F0C2FC59490DA834
:1059B0000AF081FC0DA905A80AF0ABFD04460DA86C
:1059C0000AF02EFC002C40F09180FFF7BFFE02F0A1
:1059D00017FCDFED517A60EE277AB0EE408AFCEEDC
:1059E000E77A17EE903A9EB20BF03AFF08B10BF04F
:1059F00054FF1422002104460DA82F680FF078F8F8
:105A00000DF02CFE0DA91422202009F001FD434BBE
:105A10000D9AADF838609A420BBF109B0D9301337D
:105A2000012310930F9411970DF018FE14220DA965
:105A3000202009F0F5FC0AF04DF800283FD018EEC0
:105A4000100A0294FEF750FCCDE9000109A82A686B
:105A500033490AF0CFFD099C324B20461E780CB129
:105A6000FFF78CF900233C22CDE900322E498DF856
:105A70000860034622460DA80CF03EFB0E9C7CB14C
:105A80006368013B63605BB9236820469B68984765
:105A9000A368013BA3601BB923682046DB689847D5
:105AA000142200210DA80FF023F80DF0D7FD2020BF
:105AB00014220DA909F0B4FC09A80AF0B1FB2A6868
:105AC0001A4D1B491B481E23FFF792FB2B683BB95D
:105AD0001420FFF796F9044608B100F0B9F82C60DD
:105AE000012328681A461E2100F0F6F805A80AF0DE
:105AF00097FB13B0BDEC028BF0BDB3F5D27FF8DDA0
:105B00000CF03AFD0C490AF01CFE00232B60F0E774
:105B100078D60320C3650C0000007A4454415453E6
:105B200028500C0074D603205B500C00B4D6032020
:105B300066500C00D0DE03209F500C00014B18680B
:105B4000704700BF78D603204170704770B51A4B7C
:105B50001A48002488B01C700E2105F040F8184B3C
:105B6000049304AD174B184A1A6095E8030003F13B
:105B70000C0202AE86E8030092E8030085E8030009
:105B800096E8030082E80300104A5A619A69079276
:105B90000F4A9A611C719C600E4A06944FF47A7108
:105BA00003F10800CDE9004409F07AFC2846FFF72C
:105BB00091F908B070BD00BF74D603209CD60320B5
:105BC0006D560B0080D60320CC500C00754E0B0098
:105BD000894E0B0031560B0021B18B88834201D0D6
:105BE0008968F9E708467047F8B5037D05460F4612
:105BF0003BB103680420D968FFF7EEFF064608B101
:105C0000C760F8BD0A4910200DF064FD044660B17C
:105C1000102231460EF06CFF064B23600423A38054
:105C20002B692C61C4E90237EBE72875E9E700BF6F
:105C3000F8700C001000030038B50446006928B164
:105C400085680C21FFF7E1F82846F8E7204638BDC3
:105C500070B51D4E336804463BB90520FFF7D1F8F7
:105C6000054608B104F06CF935603368174E2360BF
:105C700033683BB92020FFF7C4F8054608B103F0AC
:105C800091FB35603368124E636033683BB968201E
:105C9000FFF7B7F8054608B102F08AFC35603368B3
:105CA000A3600C4EFFF752FD3368E0603BB9012062
:105CB000FFF7A7F8054608B1FFF72EFB35603368FC
:105CC0002361204670BD00BFF0DA032088D703208F
:105CD00078D7032080D40320F0B504468BB0A248C7
:105CE0000D46A2491F461646FFF782FA64200BF0C4
:105CF0001BFE2069FFF742FBE06802F043FA606890
:105D000003F084FC606803F0B5FF606803F06AFC90
:105D1000002F40F092803946206804F04BFA20684A
:105D2000002104F0BDFA2068002104F091FAFFF789
:105D300021F990F840308BB18D498B48FFF758FA24
:105D4000FFF718F98B49074604A80AF0B4FA384659
:105D500004A900F0ADFB04A80AF062FA64200BF07D
:105D6000E3FD05AB04930023CDE90633102208932D
:105D70000123ADF814209E424FF003028DF8243029
:105D8000ADF816208DF8183059D0022E5AD0002EBA
:105D90005AD14FF47A71A5FB011504A8FFF724FF2F
:105DA0009DF8243063B1049BD9680120FFF714FFEC
:105DB000054600284CD08389122B47D100238373DA
:105DC0009DF8243083B1049BD9680E20FFF704FFAF
:105DD0000546002854D0037B042B4FD1C389012BE7
:105DE00002D043F00103C381684604A90AF0B6F863
:105DF000009808B109F0A6FEFFF7BCF890F8403013
:105E0000002B64D05C495848FFF7F2F9002009F0F4
:105E100017FB42F210760546002009F011FB401BEB
:105E200061F10001B04271F1000340D209F052FE6D
:105E300000283CD109F03EFEEEE701216CE74EF66A
:105E40006021A8E74D49A6E74D49A6E78168ACE780
:105E50004C4910200DF03EFC0646002800F08180E1
:105E6000102229460EF044FE474B33600123B380D5
:105E7000089BB3601223B3810896A1E78168A4E769
:105E8000404914200DF026FC0646002866D0142256
:105E900029460EF02DFE3C4B33600E23B380089B49
:105EA000B360042333730123F38108969CE709F060
:105EB00011FEFFF75FF83549054668460AF0FBF921
:105EC0002846694600F0F4FA68460AF0A9F94FF44A
:105ED0007A700BF029FD0121206804F06BF920692C
:105EE000FFF71EFAE06802F0B9FAFFF72FFC02F0A4
:105EF00087F9DFED277A20EE270ABCEEC00A10EE04
:105F0000103A9EB20BF0ACFC08B10BF0C6FC054693
:105F1000FFF730F82A46314600F08CFA606803F04B
:105F200061FD606803F0AAFC606803F07DFD41F24A
:105F300088300BF0F9FC0121206804F089F941F266
:105F400088300BF0F1FC606803F068FE606803F0D5
:105F5000C3FA04A8FFF770FE0BB0F0BD8DF8245013
:105F600042E78DF824502BE7D0DE0320D8500C00F8
:105F7000F0500C0005510C0012510C0080EE360060
:105F8000002E9302F8700C001000030026510C0044
:105F900000007A44002302220C21FFF79DBE00007E
:105FA00013B50B4C2178BFF35B8F11F001010BD1BE
:105FB0002046019109F00EFE019928B1054809F02B
:105FC0006FFE204609F00EFE024802B010BD00BF71
:105FD000A8D60320ACD60320F0B504468BB05B48AE
:105FE0000D465B491646FFF703F964200BF09CFC55
:105FF000A06802F0FDFAFFF7D3FF09F081FEFFF77A
:10600000CFFF09F06BFE4FF4FA700BF08DFC2069A6
:10601000FFF7B4F9E06802F0B5F8606803F0F6FA4B
:106020002068002104F0C6F82068002104F038F947
:106030000021206804F00CF964200BF075FC454940
:106040004248FFF7D5F8FEF795FF90F840306BB166
:10605000FEF790FF4049074604A80AF02CF938469D
:1060600004A900F025FA04A80AF0DAF864200BF07D
:106070005BFC05AB394A04930023CDE90523CDE948
:10608000073301239E428DF824304FF0030305D0DF
:10609000022E55D132498DF8183003E08DF81830B2
:1060A0004EF66021A5FB011504A8FFF79DFD68468B
:1060B00004A909F053FF009808B109F043FD2949EC
:1060C0002248FFF795F8FEF755FF90F840306BB186
:1060D000FEF750FF2449054668460AF0ECF82846CA
:1060E000694600F0E5F968460AF09AF864200BF07A
:1060F0001BFC606803F092FD0121206804F05AF84F
:106100002069FFF70DF9E06802F0A8F9606803F074
:1061100069FC606803F0B2FB606803F085FC41F243
:1061200088300BF001FC0121206804F091F841F265
:1061300088300BF0F9FB04A8FFF77EFD0BB0F0BD33
:106140008DF818304FF47A71ACE700BFD0DE032031
:106150002E510C004D510C0069510C001000030031
:1061600080EE360079510C0094510C00014B012255
:106170001A707047D5D60320014B01221A70704760
:10618000D6D60320014B01221A707047D4D60320C3
:106190001FB51022002168460EF0AAFC0DF05EFA31
:1061A00010226946002009F03BF905B05DF804FBB8
:1061B00070B50D4B86B01E780546144692B1104658
:1061C0000591FEF7DBFD05998DF8086000233C2260
:1061D000CDE900320346224628460BF08DFF2846C3
:1061E00006B070BD1046EFE7B8D6032070B50D4B72
:1061F00086B01E780546144692B110460591FEF70A
:10620000BDFD05998DF8086000233C22CDE90032E0
:106210000346224628460BF06FFF284606B070BDA5
:106220001046EFE7B8D6032037B5044680680D4620
:1062300030B10023CDE900331A46022109F048F9B4
:10624000A06830B10023CDE900531A46194609F081
:106250003FF903B030BD0000F0B58C46002514496D
:10626000057104468560016092E8030085B002AFC5
:1062700004F10C0687E8030096E8030082E80300B7
:1062800097E8030086E803009168A0696161D1681E
:106290009560D060A161CDE90035064A234661468C
:1062A00004F1080009F0FCF8204605B0F0BD00BF7D
:1062B000CC500C0031560B000EB400B58CB00DAABA
:1062C0004FF0200C52F8041B0392CDE9001200237A
:1062D000016804AA2820CDE904C309F0F1FA0CB042
:1062E0005DF804EB03B0704738B5064D2B683BB939
:1062F0000120FEF786FD044608B1FFF70DF82C607B
:10630000286838BD80D4032038B5064D2B683BB9CA
:106310006820FEF776FD044608B102F049F92C60CA
:10632000286838BD78D7032038B5064D2B683BB9AF
:106330002020FEF766FD044608B103F033F82C6018
:10634000286838BD88D7032038B5064D2B683BB97F
:106350000220FEF756FD044608B1FFF707FA2C604D
:10636000286838BD7CD6032038B5064D2B683BB96C
:106370001420FEF746FD044608B1FFF769FC2C60C7
:10638000286838BDB4D6032008B505490548FEF78E
:106390002FFF054A054906480BF084FD012008BD82
:1063A000AA510C00D0DE0320B6510C00F1640B00A2
:1063B000791E0C0070B50446FEF79EFF2060FFF7C3
:1063C000B3FF6060FFF7A0FFA060FFF7BFF9E060D8
:1063D000FFF78AFF104E2061FFF7B6FF3368606158
:1063E0003BB91020FEF70DFD054608B103F09AFCFD
:1063F00035603368A361094904F11C0009F05BFFB3
:10640000064904F12C0009F056FF0023E363012341
:1064100084F84030204670BDECDA0320AA610C00FD
:1064200008B502490248FEF7E3FE08BDBA510C0068
:10643000D0DE032030B585B00D4614460021102271
:1064400068460EF055FB0DF009F969461022402010
:1064500008F0DEFF0A4B009AADF804509A420BBFD9
:10646000039B009301330123039302940DF0F6F88C
:1064700010226946402008F0D3FF05B030BD00BFB0
:10648000454B415738B5046805467CB16368013B0C
:1064900063605BB9236820469B689847A368013B0B
:1064A000A3601BB923682046DB689847284638BD9F
:1064B00030B585B0856868460C4609F048FF6B46E4
:1064C00002220021284602F065FA684609F0A8FE7B
:1064D00009F000FB38B1684622680449FFF768FEFE
:1064E00001A8FFF7CFFF05B030BD00BFC2510C00BF
:1064F0002DE9F0432C21BBB004460AF021F8A9494C
:10650000054606A809F0D7FEA6490AA809F0D3FE59
:10651000A4490EA809F0CFFEA24912A809F0CBFEAB
:106520006B1C3ED1214606A809F002FF9E4936A801
:1065300009F0C1FE06A936A809F09FFF9B4909F0A2
:10654000A8FF0AA909F099FF984909F0A2FF0EA92E
:1065500009F093FF954909F09CFF12A909F08DFFFE
:1065600001689348FEF744FE36A809F059FE9149A8
:1065700006A809F0A3FF00286DD1FFF7C5FE02F0C1
:106580009DFC12A809F04CFE0EA809F049FE0AA8CD
:1065900009F046FE06A809F043FE01203BB0BDE825
:1065A000F083002DC2DD05F101094A462C21204669
:1065B00009F0B8FF00F10108074642462C212046A9
:1065C00009F0B0FF2B4600222146064636A809F006
:1065D000BBFF36A906A809F0C5FE36A809F020FEC3
:1065E0003B464A46214636A809F0AEFF36A90AA81E
:1065F00009F0B8FE36A809F013FE6A490EA809F0A2
:10660000C1FE684912A809F0BDFE002F8EDD002EE4
:1066100019DD33464246214636A809F095FF36A9D2
:106620000EA809F09FFE36A809F0FAFD214636A80B
:10663000721C09F0A9FF36A912A809F093FE36A82A
:1066400009F0EEFD72E7214636A8424609F09CFFAC
:1066500036A90EA8F1E7584936A809F02CFE36A94C
:1066600006A809F056FF044636A809F0D9FD5CB12A
:1066700006A9052236A809F087FFFFF745FE3699DF
:1066800002F0C8FC36A8EFE24C4906A809F016FF54
:1066900010B909F05FFC74E7494906A809F00EFF3C
:1066A000A8B948494248FEF7A3FD09F013FA38B1EA
:1066B00036A8454A4549FFF799FD37A8FFF7E2FE9E
:1066C000C8200BF031F9002009F029FC59E74049B6
:1066D00006A809F0F3FE20B9FFF746FEFFF75AFCC3
:1066E0004FE73C4906A809F0E9FE78BB3A490EA8F5
:1066F00009F0E4FE044658B9FFF736FE05460AA83D
:1067000009F072FF2246C1B22846FFF765FC38E760
:1067100032490EA809F0D2FE48B9FFF725FE04461B
:106720000AA809F061FF0122C1B22046EDE72C4919
:106730000EA809F0C3FE00287FF423AFFFF714FE74
:1067400004460AA809F050FF0222EDE7254906A8F1
:1067500009F0B4FE002840F0DE8023490AA809F0C1
:10676000ADFE00287FD121490EA809F0A7FE002820
:1067700044D11F490E48FEF73BFDFFF7C5FD4FF022
:10678000FF3102F0B9FC09F0A5F900283FF4F9AE99
:10679000184A194936A8FFF729FD37A8FFF772FEF6
:1067A000EFE600BFAA610C00C6510C00244E0C009D
:1067B000D0DE0320D1510C00D6510C00DC510C006E
:1067C000E3510C00E7510C00F9510C0002520C008F
:1067D00006520C000B520C0015520C001D520C00FE
:1067E00025520C002B520C002E520C0033520C0080
:1067F00037520C004E520C0065520C0098499948D3
:10680000FEF7F6FCFFF780FD04460EA809F0ECFE4B
:106810000146204602F070FC09F05CF900283FF4C4
:10682000B0AE914936A809F046FD0EA809F0DCFE8D
:106830000A22014632A809F0B7FD32A936A809F0AC
:106840001CFE8A4909F025FE894902682EA8FFF737
:10685000AFFC2FA8FFF716FE32A809F0E1FC36A81E
:1068600009F0DEFC8DE683490AA809F027FED0B9BD
:10687000FFF74AFD02F0FCF87F49024636A809F00E
:10688000B9FE36997748FEF7B3FC09F023F90028E2
:106890003FF4F8AE369A794932A8FFF789FC33A85D
:1068A000FFF7F0FDEEE676490AA809F007FE88B981
:1068B000FFF72AFD014636A802F01EF9369969480D
:1068C000FEF796FC09F006F900283FF4DBAE369A95
:1068D0006C49E1E76C490AA809F0F0FD20B9FFF71F
:1068E00013FD01F099FFE3E768490AA809F0E6FD06
:1068F00000287FF446AEFFF707FD02F077FA6449FF
:106900005848FEF775FC09F0E5F800283FF439AE69
:10691000604A5F493EE7604906A809F0CFFD38BBF1
:106920005E490AA809F0CAFD044680B9FFF70CFDCC
:106930002146FFF709F9FEF71DFB5949044636A821
:1069400009F0B9FC36A92046FFF7B2FD9AE6554991
:106950000AA809F0B3FD00287FF413AEFFF7F4FC9A
:106960000121FFF7F1F8FEF705FB4F490446E6E782
:106970004E4906A809F0A2FD00BB48490AA809F043
:106980009DFD48B9FEF7B8FC012103F0F1FBFEF7CD
:10699000F1FA47490446D2E742490AA809F08EFDB8
:1069A000044600287FF4EDADFEF7A6FC214603F077
:1069B000DFFBFEF7DFFA3F490446C0E73E4906A881
:1069C00009F07CFD002840F0C2803C492EA809F067
:1069D00072FC3B490AA809F071FD002876D10AF043
:1069E0005CFF0A22014636A809F0DEFC36A92EA873
:1069F00009F0C0FC36A809F013FC324936A809F0AA
:106A00005AFCFFF771FC014632A8FEF7CFFC32A911
:106A100036A809F032FD2B4909F03BFD01462EA8AE
:106A200009F01AFD32A809F0FBFB36A809F0F8FBC3
:106A3000FEF7A0FA00F11C012EA809F00DFD2E9919
:106A40000848FEF7D5FB09F045F838B12E9A1E49E3
:106A500036A8FFF7ADFB37A8FFF714FD2EA803E11A
:106A60006A520C00D0DE032082520C0091520C00BE
:106A700065520C0092520C0098520C009B520C0074
:106A8000A1520C00A8520C00B1520C00B8520C00DC
:106A9000BF520C00C9520C00DD520C00E9630C001F
:106AA000E7520C0097630C00F4520C0002530C00E8
:106AB0000C530C0019530C0027530C002C530C00E2
:106AC00037530C00244E0C0032530C00AB490AA87B
:106AD00009F0F4FC0028C1D10AF0DFFE0A220146C9
:106AE00036A809F061FC36A92EA809F043FC36A8A7
:106AF00009F096FBA24936A809F0DDFBFFF7F4FB8D
:106B0000014632A8FEF752FC32A936A809F0B5FCBE
:106B10009B4909F0BEFC01462EA809F09DFC32A855
:106B200009F07EFB36A809F07BFBFEF723FA00F1A3
:106B30002C012EA809F090FC2E999248FEF758FBE4
:106B400008F0C8FF002889D02E9A8F4980E78F4926
:106B500006A809F0B3FC0446002840F088801AA873
:106B600008F0C0FF1AA91EA809F0F1FB84491EA86D
:106B700009F08FFC0546FFF7B7FB014622A8FEF798
:106B800005FD22A9284609F078FC7D4909F081FC21
:106B90000546FFF7A9FB014626A8FEF707FC26A934
:106BA000284609F06AFC764909F073FC0546FFF7B0
:106BB000BBFB224601462AA802F048FD2AA9284626
:106BC00009F05BFC6E4909F064FC0446FFF7ACFB7E
:106BD00001462EA802F08EFE2EA9204609F04DFC9B
:106BE000674909F056FC0446FFF79EFB014632A8B0
:106BF00002F0C4FF32A9204609F03FFC604909F0C9
:106C000048FC0446FFF790FB014636A802F0F8FE68
:106C100036A9204609F031FC014616A809F097FB79
:106C200036A809F0FDFA32A809F0FAFA2EA809F000
:106C3000F7FA2AA809F0F4FA26A809F0F1FA22A82E
:106C400009F0EEFA1EA809F0EBFA1AA809F0E8FA22
:106C500008F040FF38B136A8169A4D49FFF7A8FA58
:106C600037A8FFF70FFC16A809F0DAFA89E44949BA
:106C700006A809F023FC08BB474932A809F01BFB12
:106C8000FFF732FB014636A8FEF790FB36A932A883
:106C900009F068FB36A809F0C3FA32993948FEF7C3
:106CA000A7FA08F017FF38B1329A3C4936A8FFF727
:106CB0007FFA37A8FFF7E6FB32A8D5E7384906A8E0
:106CC00009F0FCFB88B9FFF70FFB014636A8FEF779
:106CD000D1FB36992B48FEF78BFA08F0FBFE002813
:106CE0003FF4D0AC369A2F49D6E52F4906A809F0D3
:106CF000E5FB20B9FFF7F8FAFEF7FCFB41E42B496E
:106D000006A809F0DBFBD8B9234932A809F0D3FA69
:106D1000FEF71CFD014636A801F0BEFA36A932A8DE
:106D200009F020FB36A809F07BFA32991548FEF7E6
:106D30005FFA08F0CFFE0028BED0329A1C49B5E7B2
:106D40001C4906A809F0BAFB00283BD11A490AA839
:106D500009F0B4FB00287FF414AC184936A809F0F8
:106D6000AAFA36990748FEF743FA08F0B3FE00285E
:106D70003FF488AC369A12498EE500BF44530C00AC
:106D8000244E0C00D0DE03203F530C004B530C006C
:106D900058530C005F530C00AA610C00C4540C0043
:106DA00068530C0071530C0078530C007F530C0097
:106DB000BB530C0087530C008F530C0094530C00F2
:106DC000B7530C00A94906A809F078FB002840F049
:106DD000A980A7490AA809F071FB38B9FEF71CFC85
:106DE000A449A548FEF704FAFFF7CBBBA3490AA8BC
:106DF00009F064FB30BBFEF7A9FC03781BB9FEF772
:106E0000A5FC01F0DFF9FEF7A1FC01F0F9F910EEA5
:106E1000104AFEF793FE05902046FDF765FA059AA5
:106E2000CDE90001964936A809F0E4FB369992486D
:106E3000FEF7DEF908F04EFE00283FF423AC369A48
:106E4000904929E590490AA809F038FB20BB0EA813
:106E500009F0CAFB8D49041E12A8D8BF052409F009
:106E60002DFBE4B2054640B9FFF77EFA01232A461E
:106E70002146FEF731FFFFF784BB854912A809F0D0
:106E80001DFB20B9FFF770FA01230222F0E7FFF79C
:106E90006BFA01231A46EBE7FEF758FC03781BB99F
:106EA000FEF754FC01F08EF9FEF750FC01462EA8C7
:106EB00001F03EFAFEF74AFC01F0A2F910EE104A8A
:106EC000FEF73CFE7349059036A809F0F4F936A99F
:106ED0002EA809F01EFB0028204614BF31253025BE
:106EE000FDF702FA059A0095CDE902014FF46163BE
:106EF000694932A809F07EFB36A809F091F9329968
:106F00005D48FEF775F908F0E5FD38B136A8329A0C
:106F10006249FFF74DF937A8FFF7B4FA32A809F034
:106F20007FF99BE55E4906A809F0C8FA88B9FFF722
:106F3000FBF9014636A802F047FD36994E48FEF7A8
:106F400057F908F0C7FD00283FF49CAB369A554925
:106F5000A2E4554906A809F0B1FA80BB47490AA83E
:106F600009F0ACFA00287FF40CABFEF7EFFB0378D6
:106F70001BB9FEF7EBFB01F025F9FEF7E7FB01F08B
:106F80003FF910EE105A0AF06BFC08B10AF085FCCC
:106F900004462846FDF7A8F9009402460B4636A899
:106FA000424909F027FB36993348FEF721F908F0EA
:106FB00091FD00283FF466AB369A3D496CE43D49AB
:106FC00006A809F07BFAE0B93B4932A809F073F949
:106FD000FEF7BCFB014636A801F0EEF936A932A84F
:106FE00009F0C0F936A809F01BF932992248FEF7DA
:106FF000FFF808F06FFD00283FF45EAE329A2F498B
:1070000054E62F4906A809F059FA88B9FFF78CF918
:10701000011D36A809F09BF936991748FEF7E8F8E4
:1070200008F058FD00283FF42DAB369A254933E48B
:10703000254906A809F042FA00284BD123490AA89D
:1070400009F03CFA30B9FEF757F9012103F0B2F824
:10705000FFF797BA1E490AA809F030FA044600283B
:107060007FF48FAAFEF748F92146EFE7C0530C00E2
:10707000D6530C00CB530C00D0DE03208F530C00F2
:10708000DC530C005B500C00E1520C0015520C005C
:1070900025520C00C3650C0004540C0039540C003C
:1070A0004B540C0051540C0057540C005C540C0011
:1070B0007D540C0082540C00AA610C0088540C0012
:1070C0008E540C00D6550C0092540C00E9630C0051
:1070D00097630C00894906A809F0F0F9B8B9884906
:1070E0000AA809F0EBF930B9FEF706F9012103F01F
:1070F000AFF8FFF746BA83490AA809F0DFF904465A
:1071000000287FF43EAAFEF7F7F82146EFE77E4914
:1071100006A809F0D3F900284AD10BF02DFA7B49D3
:1071200009F00FFBFEF7E8F8012103F043F86420B3
:107130000AF0FAFB0BF020FA754909F002FBFFF7A1
:10714000D3F8FEF7EDF864200AF0EEFB0BF014FA2A
:10715000704909F0F6FAFEF7F9FA01F07FF96420B8
:107160000AF0E2FB0BF008FA6B4909F0EAFAFFF7C4
:10717000DBF802F037FC64200AF0D6FB0BF0FCF9D8
:10718000664909F0DEFAFFF7CFF802F077FB6420DA
:107190000AF0CAFB0BF0F0F9614909F0D2FAFFF7E7
:1071A000C3F802F041FC64200AF0BEFBFFF7E9B926
:1071B0005C4906A809F082F9044600284AD10BF080
:1071C000DBF9594909F0BDFAFFF7BEF8FEF7CAFB33
:1071D000FFF78AF8FEF7D2F864200AF0A5FB0BF05F
:1071E000CBF9524909F0ADFAFEF7B0FA00F0CAFF48
:1071F00064200AF099FB0BF0BFF94D4909F0A1FAA0
:10720000FFF792F802F0F7FB64200AF08DFB0BF019
:10721000B3F9484909F095FAFFF786F802F066FBE2
:1072200064200AF081FB0BF0A7F9434909F089FAC1
:10723000FEF762F8214602F0BDFF64200AF074FBFD
:107240000BF09AF93D4909F07CFAFFF76DF802F06E
:1072500091FCA8E73A4906A809F030F950B90BF0BB
:107260008BF9384909F06DFAFEF746F8012102F072
:10727000EFFF98E7344906A809F020F9044688B9D9
:107280000BF07AF9314909F05CFAFFF74DF802F09A
:10729000A9F964200AF048FB0BF06EF92C4909F0BB
:1072A00050FA30E72B4906A809F008F998B9FEF71B
:1072B00023F8012102F0CCFF4FF47A700AF034FB7E
:1072C0000BF05AF9244909F03CFAFFF72DF802F0C7
:1072D00003F9FFF756B9214906A809F0EFF800288D
:1072E0007FF44FA90BF048F9184909F02AFAFFF783
:1072F0001BF802F077F9FFF744B900BF9B540C006C
:10730000E9630C0097630C00A4540C00AA540C0011
:10731000B9540C00C8540C00DA540C00F2540C00A0
:1073200010550C0023550C002A550C0042550C003A
:1073300055550C006E550C008D550C009D550C00DC
:10734000B1550C00B6550C00C4550C00CA550C00C4
:10735000DA550C00E9550C00EF550C00FE550C00F9
:1073600000B589B01349684608F0A5FF0BF004F991
:107370000A22014604A809F069FA04A9684608F03F
:10738000F1FF04A808F04CFF684609F004F9029BDD
:107390004BB1694604A808F0DAFF04A8FFF7A8F883
:1073A00004A808F03DFF684608F03AFF09B05DF810
:1073B00004FB00BFAA610C002DE9F0412DED028B0A
:1073C00090B08046FEF7C2F903781BB9FEF7BEF90C
:1073D00000F0F8FEFEF7BAF900F012FF10EE106AA6
:1073E000FEF7B4F900F04CFF142805460BDC08F05A
:1073F00071FB58B10AF034FA834C002878D1236825
:10740000002B77D002E0182800F39B803046FCF771
:107410006BFF7BA3D3E90023FDF730FA002862D08D
:107420007A497B48FDF7E4FE42F210700AF07CFADC
:10743000FEF78CF900F0E4FE10EE100AB0EE408A80
:10744000FCF752FF6EA3D3E9002306460F46FDF773
:1074500015FA002847D06F490CA808F02CFFB0EEB1
:10746000480A062108A808F0BAFF08A90CA809F0E4
:1074700004F8694909F00DF8014604A808F067FF0F
:1074800008A808F0CDFE0CA808F0CAFE04996048D0
:10749000FDF7AEFE04A90CA808F059FF0CA9404660
:1074A000FFF706F80CA808F0BBFEFEF74FF90146FF
:1074B00008A800F03DFF59490CA808F0FCFE0CA9F3
:1074C00008A809F026F804460CA808F0A9FE002C2C
:1074D0003BD053494E48FDF78BFE08A808F0A0FEAC
:1074E00004A808F09DFE10B0BDEC028BBDE8F08151
:1074F0002368DBB93046FCF7F7FE2A46CDE90001E8
:1075000048490CA809F076F80C9A474908A8FEF7F4
:107510004FFE09A8FEF7B6FF0AF0A2F970B10AF013
:10752000BCF920600CA808F07BFE6FE70AF0B5F903
:107530002368C01AB0F5615FDCD267E701232360DE
:10754000F0E7314B00221A6060E7384930482E4C92
:10755000FDF74EFE9FED360A28EE008A0123BCEEB1
:10756000C88A237118EE103AE3800AF079F908B15D
:107570000AF093F9A060102200210CA8B4F806804C
:10758000A5680DF0B5FA0CF069F80CA910220020DE
:1075900007F03EFF274B0C9AADF834809A420BBFA0
:1075A0000F9B0C93013301230F930E950CF056F8AB
:1075B00010220CA9002007F033FF08F08BFAB0B1BD
:1075C000A3681D49009332463B460CA809F012F807
:1075D0000C9A154902A8FEF7EBFD03A8FEF752FF2F
:1075E00000232371FEF7D4FD0CA808F019FEFEF766
:1075F000BBFE01221E21FEF7EFFC6EE7AFF3008019
:107600009A99999999990D4000F4032028560C00F5
:10761000D0DE03205A560C0067560C00C3650C00E0
:107620006A560C0005560C00B7530C008C560C0023
:1076300000007A44544C4248CE560C0070B50446C3
:1076400040F6B8300AF070F976497748774EFDF782
:10765000CFFD2046FFF7B0FEFEF796FE7449724854
:10766000FDF7C6FD0121206802F0A2FC64200AF0AB
:107670005BF90AF081FF6F4909F063F8A06801F037
:10768000CBF864200AF050F96B4BA06993ED000A27
:107690006A4B83ED000A6A4B197802F044FB6420C0
:1076A0000AF042F967486FF00041FEF7BDFD6648F9
:1076B0006FF00041FEF7B8FD6FF000416348FEF740
:1076C000B3FD0AF059FF624909F03BF864200AF063
:1076D0002BF90121206802F06DFD42F210700AF0D2
:1076E00023F90AF049FF5B4909F02BF864200AF0FE
:1076F0001BF90121206802F0ABFD42F210700AF084
:1077000013F9606801F078FE42F210700AF00CF98B
:107710000AF032FF504909F014F841F288300AF0BB
:1077200003F92069FDF7FCFD64200AF0FDF80AF07A
:1077300023FF4A4909F005F8E06800F08FFE642055
:107740000AF0F2F80AF018FF454908F0FAFF6068FD
:1077500002F048F964200AF0E7F80AF00DFF414909
:1077600008F0EFFF4FF4FA700AF0DEF800256068C9
:1077700002F084F860B901350AF0FEFE2A4631466F
:10778000FDF79CFF4FF4FA600AF0CEF8072DEED11A
:1077900064200AF0C9F80AF0EFFE3349334E08F0CE
:1077A000D0FF40F6B8300AF0BFF8606802F03CF94C
:1077B00064200AF0B9F841F288300AF0B5F82C4993
:1077C0001948FDF715FD4FF4FA600AF0ADF860694D
:1077D000FDF7D0FF64200AF0A7F80AF0CDFE254996
:1077E00008F0AFFF4FF4FA700AF09EF800256068C9
:1077F00001F072FE60B901350AF0BEFE2A4631463C
:10780000FDF75CFF4FF4FA600AF08EF8032DEED11D
:1078100064200AF089F818490348FDF7E9FC0120C3
:1078200070BD00BFF2560C00D0DE032039570C00AB
:10783000FD560C0013570C00B0D30320ACD303202B
:10784000B4D3032004D7032020D70320E8D6032095
:10785000AA540C0026570C00B9540C00C8540C0054
:10786000DA540C00F2540C004C570C007B570C00FF
:1078700062570C00EF550C008D570C0038B50468AA
:10788000002008F05FF820B1637813B908F012F90E
:10789000FAE76378BFF35B8F651C0BB9002038BD36
:1078A000002008F04FF820B12B7813B908F002F946
:1078B000FAE72378012BF1D1207BF0E77FB51B4B52
:1078C0001B4E1C4D1C48039600241C701B4B009340
:1078D0006A46234641F288310295FEF7BDFC6846B0
:1078E000FDF7F8FA164B174900936A4623461648E7
:1078F000CDE90256FEF7B0FC6846FDF7EBFA134BF4
:1079000000936A4623464EF660211148CDE902569F
:10791000FEF7A2FC6846FDF7DDFA21460D480AF0A5
:10792000ADF90D4808F0DEF804B070BDB8D60320FC
:10793000894E0B00754E0B0004D703206D610B00C0
:1079400079610B00005C260520D7032085610B00C0
:10795000E8D60320D8D60320C4D603202DE9F04171
:10796000DFF8408398F80030A0B00446002B4AD1DD
:1079700008F0B0F8002846D0E06803780BB900F0B2
:1079800021FCE06800F07CFC0546E06800F038FC73
:1079900010EE100AFCF7A8FC06460F46CDE9026778
:1079A000A94A009503231268A84916A808F022FEE8
:1079B000169AA7491BA8FEF7FBFB1CA8FEF762FD61
:1079C000142D1ADC2A46A349A34D1BA8CDE9006754
:1079D00008F010FE1B9AA14912A8FEF7E9FB13A8B4
:1079E000FEF750FD09F03CFF002800F08D8209F001
:1079F00054FF28601BA808F013FC012316A888F880
:107A0000003008F00DFC08F065F8002800F0B880A0
:107A1000102200210AA80DF06BF80BF01FFE1022B7
:107A20000AA9002007F0F4FC8D4B0A9A8A4D9A426D
:107A300040F06D82BDF82C309FED8A7A07EE903AC7
:107A4000F8EEE77AC7EE877A17EE900AFCF74CFC5F
:107A50000B460D9901910C990091024682491BA891
:107A600008F0C8FD1B9A7D4916A8FEF7A1FB17A8D0
:107A7000FEF708FDFEF78CFB00231BA82B7108F016
:107A8000CFFB1422002116A80DF032F80BF0E6FD12
:107A9000142216A9202007F0BBFC744B169A9A42B8
:107AA0002FD1199B0393189B0293BDF85C309FED77
:107AB0006D7A07EE903AF8EEE77AC7EE877A17EE1E
:107AC000900AFCF711FC1A9ACDE90001684912A846
:107AD00008F090FD129A67491BA8FEF769FB1CA8E5
:107AE000FEF7D0FC142200211BA80DF001F80BF0CA
:107AF000B5FD202014221BA907F092FC12A808F063
:107B00008FFB102200210EA80CF0F2FF0BF0A6FD57
:107B100010220EA9402007F07BFC574B0E9A9A4288
:107B20002ED1BDF83C309FED4F7A07EE903AF8EE3B
:107B3000E77AC7EE877A17EE900AFCF7D5FB0B467B
:107B4000119901911099009102464C4912A808F030
:107B500051FD129A4A491BA8FEF72AFB1CA8FEF702
:107B600091FC102200211BA80CF0C2FF0BF076FD47
:107B7000402010221BA907F053FC12A808F050FB6C
:107B8000404D07F035FC2B68C01A3F4B984256D346
:107B900009F083FE0A22014612A808F005FC3B49C1
:107BA0001BA808F088FBFEF79FFB014616A8FDF70F
:107BB000FDFB16A91BA808F060FC344908F069FC1D
:107BC000014612A808F048FC16A808F029FB1BA8DB
:107BD00008F026FB04F11C0112A808F03DFC2C491A
:107BE0001BA808F068FB12A91BA808F046FC016856
:107BF0002848FDF7FDFA1BA808F012FB07F06AFF02
:107C0000002800F0AB81129A23491BA8FEF7D0FA96
:107C10001BA8FFF733FE06461CA8FEF733FC002E18
:107C200000F0978107F0E4FB1C4928601948FDF734
:107C3000DFFA07F0DDFB286012A808F0F1FA184B14
:107C40001A78002A78D02FE0C4D6032096570C006B
:107C5000CF570C00D4570C0000F40320B7530C008E
:107C6000544C424800007A44F3570C00544154539A
:107C700021580C005B500C00454B41575F580C00DD
:107C80007D540C00E0D6032080EE3600244E0C001C
:107C900088580C00D0DE032032530C0095580C009D
:107CA000D5D60320C0D60320002661681E700122AD
:107CB0000AA801F0CBFC0A9A616805920EA801F0AF
:107CC00019FE0E9B6168049312A801F057FF6168CA
:107CD000129D16A801F094FE1699DDE90432CDE953
:107CE00000511BA8AB4904F11C0508F083FC1BA93B
:107CF000284608F037FB1BA808F092FA16A808F0EF
:107D00008FFA12A808F08CFA0EA808F089FA0AA8CF
:107D100008F086FAA76829461BA808F018FB314628
:107D20001BAB3246384600F035FE1BA808F078FA47
:107D300099499A48FDF75CFA994B1A78002A4FD076
:107D4000E168002606A81E7000F0A6FA069AE1680F
:107D500005920AA800F0ECFA0A9BE16804930EA8C9
:107D600000F0A0FBE1680E9D12A800F025FBE16881
:107D7000129F16A800F0CCFB16990095DDE904329D
:107D8000CDE901711BA8874904F12C0508F032FCEC
:107D90001BA9284608F0E6FA1BA808F041FA16A825
:107DA00008F03EFA12A808F03BFA0EA808F038FADC
:107DB0000AA808F035FA06A808F032FAA76829469A
:107DC0001BA808F0C4FA31461BAB0122384600F06C
:107DD000E1FD1BA808F024FA73497048FDF708FA82
:107DE000724D2B78002B00F089800AF0C5FB70499A
:107DF00008F0A7FC6E496948FDF7FAF90023204610
:107E00002B70FFF7D9FA0AF0B7FB6A4908F099FC22
:107E100069480BF067FA002800F0F0800AF0ACFB2C
:107E20006649674E08F08DFC07F054FE07460028AF
:107E300000F09680634F3B78002B3FD10AADA068DD
:107E400000F016FE29460A2208F074F95E4B1A6803
:107E50000592FEF749FA014612A8FDF797FB129B1F
:107E60000493FEF741FA014616A8FDF79FFAE16870
:107E7000DDF858801BA800F00FFA1B99CDF80080A0
:107E8000DDE90432CDE901510EA8464908F0B2FB04
:107E90001BA808F0C5F916A808F0C2F912A808F046
:107EA000BFF90E9A49491BA8FEF782F91CA8FEF7F4
:107EB000E9FA01230EA83B7008F0B2F90AF05CFB66
:107EC000434908F03EFC3378424A01331278DBB272
:107ED0009A42337012D800251BA8CDE91B55357086
:107EE000ADF874508DF8765009F0EDFF32482B460E
:107EF00040682A46294607F08DFD3D70606920B034
:107F0000BDE8F041FDF73ABD01232B6072E52B7906
:107F1000002B3FF4B6ADEB889FED2F7A07EE903A39
:107F2000F8EEE77AC7EE877A17EE900AFCF7DCF9ED
:107F30000B46A9680091024628491BA808F05AFB85
:107F400016A81B9A2649FEF733F917A8FEF79AFAE6
:107F500092E524491148FEF7AFF96AE62249F9E7AC
:107F60000AF00AFB214908F0ECFBA06901F0E6FEEB
:107F7000054630B10AF000FB1D4908F0E2FB3770FE
:107F8000BCE70AF0F9FA1B4908F0DBFB1A4B357025
:107F90001D80B3E7475D0C000B590C00D0DE0320B9
:107FA000D6D6032013590C0022590C00D4D6032036
:107FB00031590C0044590C0070DF032054590C0057
:107FC000E5D60320E4D60320C4D603206C590C0068
:107FD00071590C00B5D3032000007A44CE560C0032
:107FE000B7530C00B9580C00E8580C0090590C001D
:107FF000B3590C00CF590C00B6D303200AF0BCFAD9
:1080000019491A4E08F09DFB194B9FED1A7AD3EDD2
:10801000007A358867EE877A0135F5EEC07AADB221
:10802000F1EE10FA17EE900A358016DBFCF75CF9DA
:10803000114B0022FBF7FAFFFCF75EFCA8423FF76A
:108040005DAF0E4800231A461946406807F0DAFC77
:1080500007F038FD0023338050E7FCF745F9064B65
:108060000022FBF7E1FFE7E7EC590C00B6D3032051
:10807000B0D30320000070420000E03F70DF032017
:1080800038B510EE100AFCF72FF91FA3D3E900232F
:1080900004460D46FCF710FC58BB1DA3D3E9002392
:1080A00020462946FCF708FC28BB1BA3D3E9002384
:1080B00020462946FCF700FCF8B919A3D3E90023B0
:1080C00020462946FCF7F8FBC8B917A3D3E90023DB
:1080D00020462946FCF7F0FB98B915A3D3E9002305
:1080E00020462946FCF7DEFB002814BF0A200020AA
:1080F00038BD6420FCE75020FAE73C20F8E7282050
:10810000F6E71420F4E700BFC3F5285C8FC21040E7
:108110000AD7A3703D0A1040E17A14AE47E10E4041
:1081200052B81E85EB510E409A99999999990D4034
:10813000CDCCCCCCCCCC0C4010B504468AB0084693
:108140004FF0200C0021CDE90023CDE902C10B4600
:1081500002AA216807F0B4FB0AB010BD0EB403B543
:1081600003AB322153F8042B0193FFF7E5FF02B074
:108170005DF804EB03B07047002202704270827019
:10818000C270704710B5037804460BB1002303702A
:10819000642009F0C9FB63780BB10023637064208D
:1081A00009F0C2FBA3780BB10023A370642009F08F
:1081B000BBFBE3780BB10023E370642009F0B4FB50
:1081C000012010BD38B56B210446094803F056FA6A
:1081D000054638B107490848FDF70AF8012323701E
:1081E000207838BD05490448FFF7B8FF2570F7E748
:1081F00040D70320055A0C00D0DE0320295A0C007A
:1082000007B503789BB10D4803F04EFA10EE100A43
:108210008DED010AFCF768F802460B46084809494B
:10822000FCF7E6FF9DED010A03B05DF804FB06498B
:108230000348FEF741F89FED050AF5E740D7032014
:10824000D0DE03204D5A0C00645A0C0000000000E0
:10825000037813B1024803F039BA9FED020A704760
:1082600040D7032000000000037813B1024803F058
:1082700037BA9FED020A704740D703200000000084
:1082800008B503782BB1FFF7BBFFBDE80840FFF747
:10829000F7BE184608BD0000F0B50B7891B0054652
:1082A0000C46002B39D01F4908A808F004F82046D6
:1082B000FFF7A6FF10EE107AFFF7E2FE07902046C8
:1082C000FFF7D2FF204610EE106AFFF7C1FF10EE55
:1082D000100AFCF709F8CDE904013846FCF704F868
:1082E000CDE902013046FBF7FFFF079ACDE9000117
:1082F0000D490CA808F07EF90CA908A808F032F87E
:108300000CA807F08DFF08A9284608F006F808A871
:1083100007F086FF284611B0F0BD044907F0CBFFF7
:10832000F8E700BF036B0C00955A0C00A1610C002C
:1083300070B50C4686B01249054607F0BCFF23789D
:10834000D3B1104803F0ECF906460E4803F0F9F9F2
:10835000041E0C4818BF344603F0ECF90A4900909B
:108360002346324602A808F045F902A9284607F03C
:10837000F9FF02A807F054FF284606B070BD00BF01
:10838000A75A0C0040D70320AD5A0C0038B504465C
:10839000002201250548402105F0CEF90449054891
:1083A0006570FCF725FF284638BD00BF4CD7032079
:1083B000B65A0C00D0DE03207FB54B780446F3B1EB
:1083C000114805F03DFA104810EE106A05F068FA01
:1083D000304610EE105AFBF787FF02460B46284640
:1083E000CDE90223FBF780FFDDE90223CDE900019F
:1083F0000649204608F0FEF8204604B070BD044946
:1084000007F059FFF8E700BF4CD703209D5A0C0036
:10841000A7610C0038B50446012201250548452115
:1084200005F08AF904490548A570FCF7E1FE2846E5
:1084300038BD00BF60D70320E05A0C00D0DE032017
:1084400010B50124C47003490348FCF7D1FE20464F
:1084500010BD00BF095B0C00D0DE032010B503780F
:1084600004460BB9FFF7AEFE642009F05DFA6378AD
:1084700013B92046FFF78AFF642009F055FAA37864
:1084800013B92046FFF7C6FF642009F04DFAE378E0
:1084900013B92046FFF7D4FF642009F045FA012004
:1084A00010BD000010B50B78044673B1094803F005
:1084B00017F910EE100AFBF717FF02460B4620468D
:1084C000054908F097F8204610BD044907F0F3FE6F
:1084D000F9E700BF40D70320455B0C00A7610C0003
:1084E00008B5074803F040F8064805F024F90648A7
:1084F00005F021F9BDE808400448002109F0BEBBA1
:1085000040D703204CD7032060D7032044D7032053
:1085100010B5044688B00E480AF0E4FE98B10C4944
:1085200068460AF08BFA684609F03AFA10EE100A2B
:10853000FBF7DAFE02460B462046064908F05AF8D9
:10854000204608B010BD0449204607F0B4FEF7E706
:1085500070DF0320F5610C00AA610C0070B50C1EE1
:10856000064615460BDA0A2A09D12D2108F0D6F85D
:108570006142EAB23046BDE8704008F0EEB82146EC
:10858000F7E74B6843608B688360CB68C36030B5A6
:1085900000F1100301F10F0200F11D0412F8015F58
:1085A00003F8015BA342F9D10B6A036230BD0000FE
:1085B000142310B50360082304460B4903711844C3
:1085C00007F079FE04F1180003F0C4FA0023012239
:1085D000C4E90F2384F8443004F148000AF04EFE49
:1085E000024B6366204610BDAA610C00AB5A0C001A
:1085F00010B50446183003F04FFA044803F08AFC23
:10860000002384F84430012010BD00BFF4DA0320B9
:1086100070B575490546ADF5866D744803F032FDB9
:1086200005F11804B8B9704A7049162312A803F06E
:10863000E5FC12A92046FFF7A4FF03F0D1FA20B110
:1086400009F09AFF6A4908F07CF80123EB630120E6
:108650000DF5866D70BD204603F0C2FA88B9624AF6
:108660006249162312A803F0C9FC12A92046FFF79D
:1086700088FF03F0B5FA0028E7D009F07DFF5D49D7
:10868000E1E7204603F0ACFAA8B109F075FF5A49BA
:1086900008F040F809F070FF0646204603F07DFA26
:1086A0000A220146304608F058F8304608F03DF8F6
:1086B000204603F089FA09F025F9039009F016F92C
:1086C000029009F0FBF8064609F004F9DDE90232F0
:1086D000CDE90060494905A807F08CFF484912A878
:1086E00007F0E9FD05A912A807F0C7FE014605A895
:1086F00007F01EFE12A807F093FD05A912A807F0C7
:1087000026FE404912A807F0C4FE014605A807F05E
:108710000FFE12A807F084FD09A8059A3349162315
:1087200003F06CFC09A803F05BFA002843D02F4942
:108730002D4A12A8012303F061FC12A92046FFF77D
:1087400020FF4FF47A7212A9204603F019FA02466C
:1087500038B112A909A803F087F909A803F09CF918
:10876000EFE709A803F030FA204603F02DFA09F0EC
:1087700003FF254907F0E5FF204603F0F7F901461E
:108780001A4803F0A9FC184A1849162312A803F046
:1087900035FC12A92046FFF7F4FE03F021FA80B958
:1087A00009F0EAFE194907F0CCFF0123EB6305A8A5
:1087B00007F036FD4BE709F0DFFE154907F0C1FF72
:1087C000E1E709F0D9FE1349044612A807F073FD4A
:1087D00005A912A807F051FE0168204607F0B1FF75
:1087E00012A807F01DFDE0E7AD5E0C00F4DA0320EF
:1087F0004D5B0C00605B0C00765B0C00895B0C0031
:108800009E5E0C00B35E0C009A5B0C00BE5B0C001D
:10881000AD5B0C00D75B0C001FB50446684607F043
:1088200061F9694604F1080007F09CFD684607F00D
:10883000F7FCC823236009F09FFE284907F081FF59
:108840002179274803F0AAFA84F8440020B909F0F6
:1088500093FE244907F075FF09F08EFE224907F0C8
:1088600070FF00220721214804F054FD09F084FE26
:108870001F4907F070FF09F07FFE0368DB69984726
:108880001C49174803F00CFC20B909F075FE1A4981
:1088900007F057FF1949124803F002FC20B909F00C
:1088A0006BFE174907F04DFF12490D4803F0EAFB34
:1088B00020B109F061FE134907F043FF0F49084852
:1088C00003F0E0FB20B109F057FE0F4907F039FF34
:1088D0002046FFF79DFE012004B010BDF25B0C00A6
:1088E000F4DA03200B5C0C00245C0C002CDB03206E
:1088F0005E5C0C00545D0C007D5C0C00735D0C0034
:10890000AF5C0C00E05C0C00F45C0C0070B50D4634
:10891000044609F031FE1C4907F0FCFE04F118067C
:1089200009F02AFE296807F00CFF2968304607F095
:1089300008FF304603F0B0F806F05AFDE36B206400
:108940000133E36309F018FE104907F0E3FE09F074
:1089500013FEE16B0A22054607F0FFFE284607F0EA
:10896000E4FEE36B2268B3FBF2F102FB11334BB977
:1089700009F002FE064907F0E4FE2046FFF748FE34
:108980000123E36370BD00BF075D0C00175D0C00A1
:10899000355D0C00F0B593B01E46836805920493D4
:1089A0000D460446FDF7A0FC01460AA8FCF7EEFDC3
:1089B0000A9FFDF799FC01460EA8FCF7F7FC316809
:1089C00002910E99DDE90432CDE9007106A824492F
:1089D00007F010FE0EA807F023FC0AA807F020FC01
:1089E00006A90EA807F0B3FC0EA92046FFF78EFFDC
:1089F0000EA807F015FC09F0BFFD1A4907F0A1FE0B
:108A0000012D27D107F066F820B3069C164B2046AF
:108A10001D780CB1FCF7B2F900233C22CDE90032FD
:108A200012498DF80850034622460EA809F064FB4F
:108A30000F9C7CB16368013B63605BB9236820468F
:108A40009B689847A368013BA3601BB92368204635
:108A5000DB68984706A807F0E3FB13B0F0BD00BF42
:108A6000445D0C00036B0C0074D703206C590C00A0
:108A700010B59CB001A803F06DF80AA803F06AF8DD
:108A80001A4A1B49012313A803F0B8FA13A901A835
:108A9000FFF777FD03F0A4F8044638B909F06CFD40
:108AA000144907F04EFE20461CB010BD012201A95A
:108AB00013A803F01FFB13A90AA8FFF762FD002407
:108AC0000AA803F08DF868B10AA803F07DF801A99F
:108AD00013A8012203F00EFB13A90AA80134FFF723
:108AE00050FDEDE701A803F06FF8DCE7535D0C00E3
:108AF000F4DA03205A5D0C002DE9F0430746ABB0D1
:108B000044480D46444903F0BDFA0646002837D0D4
:108B100021A8414A3F49012303F070FA21A803F03C
:108B20005FF858B321A803F038F8044621A803F0F1
:108B30004BF806A8394A3749012303F05FFA06A823
:108B400003F04EF8002845D0012206A918A803F02A
:108B5000D1FA4FF0000818A803F042F890B118A815
:108B600003F032F806A921A8012203F0C3FA21A9D3
:108B700018A808F10108FFF704FDECE70446D8E760
:108B80000446D6E706A803F01FF80FA8244A214997
:108B9000012303F033FA0FA803F022F8002836D09F
:108BA00001220FA918A803F0A5FA4FF0000918A890
:108BB00003F016F888B118A803F006F80FA921A849
:108BC000012203F097FA21A918A809F10109FFF77A
:108BD000D8FCECE74FF0FF38D7E70FA802F0F4FF1E
:108BE0002B6C1BB106F004FC2B6CC31A0493EB6BCB
:108BF00095F844200B49CDE902933846CDE9004869
:108C0000334607F0F7FC38462BB0BDE8F0834FF051
:108C1000FF39E5E7F4DA0320AD5E0C00535D0C008C
:108C2000725D0C00785D0C00F0B5A9B00DA80C4683
:108C300002F090FF16A802F08DFF52490123224650
:108C40001FA803F0DBF91FA916A8FFF79AFC02F092
:108C5000C7FF48B909F090FC214607F05BFD09F019
:108C60008BFC494907F06DFD012216A91FA803F0EE
:108C700041FA1FA90DA8FFF784FC444E444D454F0F
:108C80000DA802F0ADFF002877D0314601A807F00B
:108C900012FB16A802F06AFF2946FCF765F80028C7
:108CA00044D10DA802F062FF01461FA807F003FBA4
:108CB0001FA901A807F056FB1FA807F0B1FA09F099
:108CC0005BFC019907F026FD09F056FC394607F0D8
:108CD00021FD09F051FC04460DA802F05EFF0A22B6
:108CE0000146204607F039FD204607F01EFD0DA87D
:108CF00002F03EFF04460DA802F066FF4CB9019950
:108D0000204803F0E9F920B909F036FC224907F0C0
:108D100018FD012216A91FA803F0ECF90DA81FA940
:108D2000FFF72FFC01A807F07BFAA9E716A802F0CD
:108D30001DFF014605A807F0BEFA05A909A807F01E
:108D400006FB294609A807F0A4FB04460DA802F07B
:108D50000DFF01461FA807F0AEFA1FA9204607F035
:108D60008CFB014601A807F0E3FA1FA807F058FAA8
:108D700009A807F055FA05A89FE716A802F024FFF6
:108D800029B0F0BDF4DA0320CB5D0C00036B0C00BE
:108D9000AA5E0C00DB5D0C00E25D0C0038B50446F9
:108DA0000D460D49FFF740FF0C492046FFF73CFFF9
:108DB0005DB10B492046FFF737FF0749094803F02B
:108DC0007DF90649074803F079F909F0D5FB064912
:108DD00007F0B7FC012038BD535D0C00725D0C003C
:108DE000AA5E0C00F4DA0320F55D0C0010B5044611
:108DF00009F0C2FB254907F0A4FC94F844306BB994
:108E00002179234802F0CAFF84F8440030B909F000
:108E1000B3FBBDE810401F4907F093BC09F0ACFB61
:108E20001D4907F08EFC04F1180002F0CDFE01216F
:108E30002046FFF7B3FF09F09FFB184907F081FCBC
:108E40001749134803F02CF9C0B909F095FB1549EF
:108E500007F077FC14490E4803F022F990B909F0A5
:108E60008BFB124907F06DFC09F086FB104907F0F7
:108E700068FC2046BDE81040FFF7CABB09F07CFB48
:108E80000C49E5E709F078FB0B49EBE7025E0C00C3
:108E9000F4DA03201D5E0C002F5E0C00455E0C0012
:108EA000545D0C007D5C0C00735D0C00AF5C0C002D
:108EB000805E0C00575E0C006C5E0C0030B5A9B0F3
:108EC00009F05AFB4A4907F03CFC04A8494A4A49C0
:108ED000012303F093F804A802F082FE002835D0A5
:108EE000012204A916A803F005F9444D16A802F0C2
:108EF00077FE40B309F040FB294604461FA807F05F
:108F0000DAF916A802F032FE01460DA807F0D3F9EF
:108F10000DA91FA807F0B1FA0168204607F011FC5F
:108F20000DA807F07DF91FA807F07AF916A802F03E
:108F30004BFE04A91FA8012203F0DCF81FA916A804
:108F4000FFF71FFBD2E704A802F03EFE0DA82C4A53
:108F50002949012303F052F80DA802F041FE002830
:108F600035D001220DA916A803F0C4F8254D16A886
:108F700002F036FE40B309F0FFFA294604461FA866
:108F800007F099F916A802F0F1FD0146684607F0CE
:108F900092F969461FA807F070FA0168204607F0A9
:108FA000D0FB684607F03CF91FA807F039F916A86E
:108FB00002F00AFE0DA91FA8012203F09BF81FA9C9
:108FC00016A8FFF7DEFAD2E70DA802F0FDFD0E4964
:108FD000094803F057F820B109F0CEFA0B4907F021
:108FE000B0FB09F0C9FA0A4907F0ABFB29B030BD64
:108FF000925E0C00535D0C00F4DA03209D5E0C00C1
:10900000725D0C00A55E0C00AD5E0C00AC5E0C0049
:10901000B85E0C0030B500F11805D3B028460C46F8
:1090200002F0DEFD10B1284602F036FD09A82B49FA
:109030000123224602F0E2FF09A802F0D1FD30B977
:1090400009F09AFA264907F07CFB53B030BD09F0CD
:1090500093FA2449054612A807F02DF9214605A8E0
:1090600007F029F905A912A807F007FA01682846B0
:1090700007F067FB05A807F0D3F812A807F0D0F8AF
:109080004FF4807212A909A802F07AFD054638B1A2
:1090900009F072FA03682A46DB6812A99847EFE7DD
:1090A00009A802F091FD09F067FA0F49054605A8E5
:1090B00007F001F9214601A807F0FDF801A905A86C
:1090C00007F0DBF90168284607F03BFB01A807F031
:1090D000A7F805A807F0A4F8B7E700BFF4DA032063
:1090E000C15E0C00DD5E0C00E95E0C00014B00224D
:1090F0001A70704774D703202DE9F04F4B1CADF266
:10910000844D05460C461CD1FFF7B2FC044609F01D
:1091100033FA944907F015FB934A944901230BA8AD
:1091200002F06CFF0BA802F05BFD064678B909F06F
:1091300023FA8F4907F005FB30460DF2844DBDE858
:10914000F08FFFF795FCA042E1DA2846DCE709F052
:1091500013FA0A222146FFF701FA483509F00CFA02
:10916000844907F0EEFA844900234FF480622846D0
:1091700009F088FE0746002800F0F08009F0FCF9AD
:109180007E49DFF818A2DFF818B207F0DAFA14A85F
:1091900002F0E0FC4FF000094C4540F3D980012279
:1091A0000BA926A802F0A6FF26A914A8FFF7E9F943
:1091B00002F016FD074628B909F0DEF9704907F0FC
:1091C000C0FAC9E06F4926A807F075F814A802F0A4
:1091D000CDFC01461DA807F06EF81DA926A807F0D2
:1091E0004CF9014603A807F0B2F81DA807F018F8DB
:1091F00026A807F015F809F0BFF9514607F08AFADA
:1092000009F0BAF9039907F09CFA09F0B5F9594643
:1092100007F080FA14A802F0C0FC804609F0ACF90F
:109220000A2207464146FFF799F9384607F07DFACA
:1092300014A802F0B2FC78B3404606F07BFC1FFA9B
:1092400088F20746014614A802F09AFC09F094F946
:109250004D4907F076FA09F08FF9394607F071FAAF
:1092600042463946284609F062FD019009F084F92A
:10927000464907F04FFA09F07FF9019B0A22194687
:109280008046FFF76BF9404607F04FFA284609F091
:109290007DFD384606F056FC14A802F095FC3C49CA
:1092A00026A807F008F814A802F060FC01461DA8E3
:1092B00007F001F81DA926A807F0DFF8014607A866
:1092C00007F045F81DA806F0ABFF26A806F0A8FF9A
:1092D0001DA8079A2549162302F090FE1DA802F04A
:1092E0007FFC60B32149039A26A8012302F086FE81
:1092F00026A914A8FFF745F94FF47A7226A914A8F5
:1093000002F03EFC024638B126A91DA802F0ACFBD3
:109310001DA802F0C1FBEFE71DA802F055FC14A840
:1093200002F052FC0399114802F0D6FE07A806F09D
:1093300077FF03A806F074FF09F101092CE709F093
:109340001BF9144907F0FDF914A802F03DFCEDE704
:10935000284609F049FF37463E46EDE609F00CF98C
:109360000D492CE7F35E0C00535D0C00F4DA03208A
:109370005A5D0C00085F0C00255F0C002F5F0C008D
:10938000525F0C009E5E0C00A15F0C00C55F0C00DC
:10939000A65E0C00DD5F0C0005600C008A5F0C000F
:1093A0009A5F0C0038B50446002500F8045B0449B8
:1093B00006F081FFC4E90555E561204638BD00BFD0
:1093C000AA610C0038B5044618252A4600210BF086
:1093D0008FFB25804FF400750649A560284625615E
:1093E0000AF07AF90349606028460AF075F9E060EE
:1093F000204638BDF8700C0010B586B009F0BCF8F6
:10940000164907F09EF90AF041F909F01DFC1824ED
:10941000642008F089FA2246002168460BF068FBB8
:109420000F4B104A01934FF48073CDE903230022C0
:109430001146104602936B46ADF8004006F0F8F86E
:109440000AF024F9084909F0F5FB09F095F80749F5
:1094500007F077F9012006B010BD00BF2A600C00AC
:109460008CD703208CD80320A086010056600C0006
:1094700007B5C07D60B10093074813460A46002136
:1094800000F0F5FF044803B05DF804EB00F08ABF7C
:1094900003B05DF804FB00BFB4D9032038B5C47D28
:1094A00005464CB90A4800F0F5FF044630B909F00A
:1094B00063F8084907F045F9204638BD0123EB75EC
:1094C00000231A464FF6FF712846FFF7D1FFF3E756
:1094D000B4D9032065600C002DE9F843384E336899
:1094E00005463BB90520FBF78CFC044608B100F0AB
:1094F00027FD34600121306800F0D2FE4FF4FA609D
:1095000008F012FA2F48002104F02AFC044630B972
:1095100009F032F82C4907F014F92C7034E0294F87
:10952000DFF8B880DFF8B8900026384604F031FE46
:1095300090B309F021F8414607F00DF901213846B2
:1095400004F0BAFC642008F0EFF966B109F014F8F1
:109550001E4907F0F6F8D321384604F0ADFC4FF46D
:10956000FA6008F0E1F90021384604F0A5FC044651
:1095700068B109F001F8164907F0E3F801232B70F0
:109580004FF47A7008F0D0F92046BDE8F88308F06F
:10959000F3FF494607F0D5F8013608F0EDFF0D4915
:1095A0003246FCF78BF84FF47A7008F0BDF9032EC1
:1095B000BBD108F0E1FF084907F0C3F80024ACE78D
:1095C000F0DA0320C0D9032084600C00C6600C00D0
:1095D000E0600C002A610C004F610C00B6600C00CA
:1095E00008610C0010B510210446064804F0FDFD8A
:1095F00020B108F0C1FF044907F0A3F8002323704D
:10960000012010BDC0D9032077610C0010B503788C
:1096100004460BB1FFF7E6FF642008F085F9237DCF
:109620000BB100232375642008F07EF9637D0BB134
:1096300000236375642008F077F9A37D0BB1002344
:10964000A375642008F070F9012010BD2DE9F041E8
:109650000B78B0B00546002B00F0F8807F4CDFF8A7
:1096600008827F4F7F4E002323704146384604F026
:1096700027FE3070002800F0ED802378C8200133E9
:10968000237008F051F93378002B00F0E380237841
:10969000092BEAD9744C7549684606F00CFE20681F
:1096A000FAF722FE02460B4604A8714906F0A2FF13
:1096B00004A908A806F04BFE6E4908A806F0E9FECA
:1096C00006466068FAF710FE02460B460CA8684989
:1096D00006F090FF0CA9304606F0CFFE654906F073
:1096E000D8FE0646A068FAF7FFFD02460B4610A812
:1096F0005F4906F07FFF10A9304606F0BEFE5D49C7
:1097000006F0C7FE0646E068FAF7EEFD02460B4695
:1097100014A8574906F06EFF14A9304606F0ADFEB6
:10972000544906F0B6FE06462069FAF7DDFD02460A
:109730000B4618A84E4906F05DFF18A9304606F002
:109740009CFE4C4906F0A5FE06466069FAF7CCFD82
:1097500002460B461CA8464906F04CFF1CA93046A1
:1097600006F08BFE434906F094FE0646A069FAF720
:10977000BBFD02460B4620A83D4906F03BFF20A951
:10978000304606F07AFE3B4906F083FE0646E06965
:10979000FAF7AAFD02460B4624A8354906F02AFF2F
:1097A00024A9304606F069FE324906F072FE0646EC
:1097B000206AFAF799FD02460B4628A82C4906F0C4
:1097C00019FF28A9304606F058FE2A4906F061FE26
:1097D0000646606AFAF788FD02460B462CA8244923
:1097E00006F008FF2CA9304606F047FE0146684601
:1097F00006F09EFD2CA806F013FD28A806F010FD2B
:1098000024A806F00DFD20A806F00AFD1CA806F00D
:1098100007FD18A806F004FD14A806F001FD10A825
:1098200006F0FEFC0CA806F0FBFC08A806F0F8FC0D
:1098300004A806F0F5FC6946284606F06EFD684669
:1098400006F0EEFC284630B0BDE8F0810A4906F08B
:1098500032FDF7E7002323701CE700BFB0D90320D7
:10986000C0D90320B1D90320C4DA0320AA610C00B7
:1098700034540C00244E0C0095610C0038B505469C
:10988000642008F051F809F001FF0146134801F087
:1098900081F9044608F070FE11492246FBF70EFFDD
:1098A0003CB908F069FE0F4906F04BFF2C752046C5
:1098B00038BD0A4800F0FCFE084800F0B4FE642001
:1098C00008F032F801232B750023C5E9063308F0B0
:1098D00053FE054906F035FFE9E700BF70DA0320C3
:1098E000AD610C00CA610C00DD610C000023037542
:1098F0000120704770B52DED028B0B7D84B00646BC
:109900000C464BB3294800F0D3FE2848F0EE408ABD
:1099100000F089FEF4EE408AF1EE10FAB0EE408AD3
:109920001AD60023A36118EE900AFAF7DDFC02466E
:109930000B4618EE100ACDE90223FAF7D5FCDDE953
:109940000223CDE900011A49304606F053FE3046A5
:1099500004B0BDEC028B70BD05F04AFDA36905465D
:1099600003B9A061E3694EF65F22EB1A934209D96D
:10997000104AE56113680133136000232375204604
:10998000FFF77CFFA2690C4BAA1A9A4209D90B492E
:109990000B48FEF7E3FB074A53680133536006F0B8
:1099A000D9FA0849304606F086FCD0E770DA032081
:1099B000F0610C000CF40320BF270900FA610C00D1
:1099C000D0DE0320A7610C0010B5044A0449044608
:1099D000D2E9002306F00EFE204610BD0CF4032051
:1099E0001E620C0010B500210446142009F076FD1B
:1099F0000120607510BD00234375012070470000F1
:109A000010B54B7D04464BB1142009F0A4FD0A2289
:109A10000146204606F0C8FC204610BD014906F06C
:109A20004AFCF9E7AA610C0038B5054608F0A4FD28
:109A3000424906F086FE0021102009F04FFD08F093
:109A40009BFD3F4906F066FE08F096FD0446102097
:109A500009F06EFD3B4A3C49002818BF11462046DC
:109A600006F06FFE394805F0BFFB642007F05CFF8D
:109A70000021364805F0BAFA044608F07DFD344965
:109A80002246FBF71BFEFF2C01D001342AD108F03F
:109A900073FD304906F055FE08F06EFD2E4906F0C4
:109AA00050FE08F069FD2D4906F04BFE08F064FDFC
:109AB0002B4906F046FE08F05FFD2A4906F02AFE13
:109AC00008F05AFD0446102009F032FD1D4A1E49D7
:109AD000002818BF11462046002406F032FEAC755F
:109AE000204638BD1948002105F0D1FB1748232135
:109AF00005F062FA0121154805F0B9FA08F03CFDBD
:109B00000446124805F0ACFA174902462046FBF716
:109B1000D5FD08F031FD032104460C4805F066FA36
:109B20001249024620460124FBF7C8FDAC7508F037
:109B300023FD0F4906F005FED2E700BF44620C008A
:109B40005D620C003B620C0040620C008CD903206B
:109B500083620C009B620C00C5620C00D7620C0093
:109B6000E6620C00FE620C001C630C002C630C000F
:109B700043630C0000238375012070472DE9F041F9
:109B80008B7D92B0044633B9204906F094FB204601
:109B900012B0BDE8F0811E4B1E4E09930DF1240852
:109BA0000AAF042518F8011B304605F012FA3046BA
:109BB00005F078FA0146304605F0B8F9013DA7EC0A
:109BC000010AEFD10A98FAF78FFB02460B460D986F
:109BD000CDE90623FAF788FBCDE904010C98FAF7E2
:109BE00083FBCDE902010B98FAF77EFBDDE9062342
:109BF000CDE900010EA8084906F0FCFC0EA920469C
:109C000006F08BFB0EA806F00BFBC0E7A1610C0071
:109C10000F1F2F3F8CD9032058630C0010B5112162
:109C20000446124804F0E1FA20B908F0A5FC1049F6
:109C300006F087FD2046FFF731FC00231A464FF659
:109C4000FF712046FFF714FC2046FFF7CBFE2046AD
:109C5000FFF714FE2046FFF7E7FE4FF47A7007F097
:109C600063FE2046BDE81040FFF736BCC0D9032094
:109C70006C630C0010B5102104460B4804F0B5FAD3
:109C800020B108F079FC094906F05BFD002320466D
:109C90001A461946FFF7ECFB002363612046BDE836
:109CA0001040FFF79FBC00BFC0D9032077610C00B4
:109CB00013B5164C16482D232B22012100F042FB30
:109CC0002378BFF35B8FDB070AD4204605F082FFC1
:109CD00030B11048012105F0E3FF204605F082FF76
:109CE0000C4B0193042300930023B0EE040A1A46A0
:109CF0001021094805F048FA084803F0E3FD084838
:109D000002B0BDE8104000F00DBC00BF7CD70320BE
:109D1000B4D9032080D703208CD90320C0D90320D5
:109D200070DA03207047002301704370837080ED68
:109D3000010A038180ED030A18467047F8B5594EB1
:109D40002DED028B0446304609F0D0FA0546002876
:109D500055D008F011FC544906F0F3FC2389013377
:109D6000238108F009FC514906F0D4FC08F004FCFA
:109D7000218905460A2206F0F0FC284606F0D5FCAB
:109D8000D4ED037A9FED4A7A238967EE877A08EE4D
:109D9000103AF5EEC07AF1EE10FAB8EEC88A17EE76
:109DA000900A15DBFAF7A0FA424B0022FAF73EF9C7
:109DB000FAF7A2FD07EE900AF8EEE77AB4EEE78A2A
:109DC000F1EE10FA0BDA0025BDEC028B2846F8BD47
:109DD000FAF78AFA374B0022FAF726F9E8E708F093
:109DE000CBFB354906F0ADFC002370681A461946D6
:109DF000002505F007FE05F065FE2581E4E708F083
:109E0000BBFB2E4906F09DFC2A462946706805F0EA
:109E1000F1FD05460028D7D108F0AEFB284906F031
:109E200090FCA37853B363780133637008F0A4FB0C
:109E3000244906F06FFC08F09FFB0A226178074670
:109E400006F08BFC384606F070FC627823789A4264
:109E5000B9D308F091FB1C4906F073FCD4ED037AEA
:109E600094ED017A706877EE877A2B46C4ED037A19
:109E70002A46294605F0CEFDA570A5E70123A3706B
:109E8000657008F079FB0F4906F044FC08F074FB9C
:109E9000617806460A2206F060FC304606F045FC72
:109EA00092E700BF70DF032085630C009B630C000A
:109EB000000070420000E03FBD630C00D7630C005F
:109EC000EC630C0006640C001D640C0070B50646C3
:109ED00014460D4609F0DAFB314608F0E9FE09F0B8
:109EE000D5FB036829469B68984709F0CFFB0368B8
:109EF00021469B68984709F0C9FBBDE8704008F00F
:109F0000E2BE38B504460D4609F0C0FB214608F014
:109F1000CFFE09F0BBFB036829469B68984709F010
:109F2000B5FB08F0D0FE09F0B1FB0122214608F094
:109F3000BCFE09F0ABFB03685B69984780B238BD93
:109F400070470000072A10B50446084613D8012BB5
:109F50000BD10A4B9A5CE37823EA0203E370E278C0
:109F60000321FFF7B3FF012010BD23B90349E378B4
:109F70008A5C1343F2E70020F6E700BFB8D3032062
:109F8000072A38B5054608460DD808496C788A5C1A
:109F900033B122436A700121FFF798FF012038BDD9
:109FA00024EA0202F6E70020F9E700BFB8D3032055
:109FB00038B505460C46017119B1012900F09E80A3
:109FC00038BD09F063FB08F039FE21462020FFF779
:109FD00098FF012128702020FFF793FF022168706D
:109FE0002020FFF78EFF0321A8702020FFF789FFB4
:109FF0002146E8702120FFF784FF012128702120ED
:10A00000FFF77FFF022168702120FFF77AFF03210D
:10A01000A8702120FFF775FF0123E8702246202158
:10A020002846FFF78FFF01231A4620212846FFF715
:10A0300089FF2346224620212846FFF7A1FF234619
:10A04000012220212846FFF79BFF01230422202123
:10A050002846FFF777FF0123052220212846FFF736
:10A0600071FF2346224621212846FFF76BFF234636
:10A07000012221212846FFF765FF01230522212126
:10A080002846FFF75FFF0123062221212846FFF71C
:10A0900059FF0121132009F021FA0121052009F0BF
:10A0A0001DFA2146204609F019FA2146142009F02C
:10A0B00015FA642007F038FC2346052221212846A2
:10A0C000FFF75EFF0123062221212846FFF758FFF4
:10A0D0002346042220212846FFF752FF234605226B
:10A0E00020212846FFF74CFF2146062009F007FAF9
:10A0F00001211320BDE8384009F001BA09F0C6FA81
:10A1000008F09CFD09F0C2FA184908F093FD2146B9
:10A11000062009F0E3F92146052009F0DFF9214680
:10A12000082009F0DBF92146072009F0D7F90021C2
:10A13000152009F0D3F92146172009F0CFF90021A5
:10A14000122009F0CBF90021062009F0D8F90021EE
:10A15000052009F0D4F90021082009F0D0F90021E8
:10A16000072009F0CCF900211720C3E7A0860100E1
:10A1700008B5037913B1012B12D008BD49B10123F1
:10A1800004222021FFF7FCFE07490848FBF730F8BE
:10A19000F3E70B4604222021FFF7F2FE0449F4E71F
:10A1A0000029FBD0F0E700BF38640C00D0DE0320AC
:10A1B00047640C0008B502790B4612B1012A11D090
:10A1C00008BD49B1212101230522FFF7D9FE0B4922
:10A1D0000B48FBF70DF8F3E721210522FFF7D0FE2E
:10A1E0000849F5E729B11146062009F088F9064922
:10A1F000EEE7062009F083F90449E9E757640C000B
:10A20000D0DE032063640C0070640C0083640C00D7
:10A2100008B5037913B1012B04D008BDBDE808408F
:10A22000FFF7C8BF41B11946052009F068F9054993
:10A230000548FAF7DDFFF0E7052009F060F903496A
:10A24000F6E700BF97640C00D0DE0320A7640C0083
:10A2500008B5037913B1012B11D008BD41B1062215
:10A260002121FFF78DFE0B490B48FAF7C1FFF4E7F8
:10A27000012306222121FFF783FE0849F4E721B1DB
:10A280001946072009F03BF9EDE7072009F037F9F7
:10A29000F3E700BFD5640C00D0DE0320E4640C00BB
:10A2A00008B502790B4612B1012A11D008BD49B197
:10A2B000202101230522FFF763FE0B490B48FAF723
:10A2C00097FFF3E720210522FFF75AFE0849F5E73B
:10A2D00029B11146072009F012F90649EEE70720D7
:10A2E00009F00DF90449E9E7B8640C00D0DE032059
:10A2F000C4640C00D1640C00E0640C0008B5037960
:10A3000023B921B103490448FAF772FF08BD034994
:10A31000F9E700BF9B640C00D0DE0320AB640C00A7
:10A3200008B5037923B921B103490448FAF760FF5E
:10A3300008BD0349F9E700BFF0640C00D0DE03203C
:10A34000FE640C002DE9FF411D4647F67F73C17185
:10A3500083804FF000087F2301EB410183710446A5
:10A36000C0F808808900022017460AF05DFB2060D3
:10A370003820FAF746FD064668B1094BCDF80C8047
:10A380000122CDE901326DB24FF0FF3300957AB270
:10A39000194601F0DDF92046A66004B0BDE8F08161
:10A3A00040420F002DE9F84F45790379044645EA0C
:10A3B000C313857945EAC31508F008FBA06845F08A
:10A3C000164501F038FB45F44005C5F30747C5F3D2
:10A3D00007284FF0000AEDB24FF00C0994F907304E
:10A3E0005FFA8AF69E422DDA9621A06801F016FBEC
:10A3F0003946A06801F012FB4146A06801F00EFB4F
:10A40000A068294601F00AFB09FB06F303F10B0BD8
:10A4100003F10043013B4FEA4B0B5E002368A06849
:10A4200033F80B10090A01F0F9FA2368A06813F851
:10A430000B10ABF1020B01F0F1FA5E45EED10AF11F
:10A44000010ACBE7C82004F0CBFFA06801F0FAFABC
:10A45000BDE8F84F08F0BCBA90F9073003EB4303AE
:10A46000B1EB830FDCBF036823F81120704770B590
:10A4700001EB41041D46BDF810602146FFF7ECFFDB
:10A480002A46611CFFF7E8FF3246A11CBDE8704078
:10A49000FFF7E2BF036813B1806801F0D9B918462D
:10A4A0007047704710B510210446FAF7AEFC2046FD
:10A4B00010BD0EB403B503AB002153F8042B019378
:10A4C00006F069F902B05DF804EB03B070470000D4
:10A4D00073B5044608462279A36832B1A3B90B4983
:10A4E00002B0BDE8704006F015B9094A267B094D57
:10A4F0000949647B012E18BF2946CDE9001407499C
:10A50000FFF7D7FF02B070BD054AEFE71F650C00EB
:10A51000036B0C001B650C0017650C0035650C0007
:10A520000E650C000F4B104A10B5436000230372F8
:10A53000C3640E4BC260036501224FF4EC43044632
:10A54000028280F84820038009F0A0F80A23A37053
:10A55000074B636140F2011323830023E064E3614E
:10A56000204610BD5C650C0020A1070080E6C547B1
:10A570000300000107B50190FBF712FD019903B03C
:10A580005DF804EB05F044BCF8B51E4603780446BC
:10A590000D46174613B1012B25D0F8BD90F8483071
:10A5A000012BFAD14178C06C08F082FBE06C0368A3
:10A5B00039469B689847E06C08F085FB3246617825
:10A5C000E06C08F072FB2E44E06C03681B6998474E
:10A5D0000028E2D0B542E0D0E06C03685B699847A0
:10A5E00005F8010BF0E7FBF7DBFC211D05F0A2FBF2
:10A5F000A078002108F083FF47F08000FFF7BAFF42
:10A600002E44B54205D00020FFF7B4FF05F8010B3A
:10A61000F7E7A078012108F072FFFBF7C1FCBDE865
:10A62000F84005F06DBB13B5022301A9FD220446D5
:10A63000FFF7AAFFBDF80430616C5BBA9AB2B4F9B7
:10A640003E301B05C3EB8233B4F94020A1F59630B0
:10A6500000FB123303F58043DA1394F83C3094F98D
:10A66000421043434143DB12891203F500434B433D
:10A670009B12B4F93A1003F500134B4303F5005352
:10A680009B135343DA1394F838105243D2114A43C0
:10A69000A3EB221323EAE373B3F1C85FA8BF4FF023
:10A6A000C8531B1300EE103ABAEECB0A02B010BD2D
:10A6B00013B5032301A9FA220446FFF765FF9DF8AD
:10A6C00005209DF804309DF806109FED157A1201C3
:10A6D00042EA0332238C42EA1111C3EB12125B00EF
:10A6E000C3EBD103B4F92210594302FB02F3B4F9CE
:10A6F00024201B1353439B1303EBE123636403EBFD
:10A70000830380331B1207EE903AF8EEE77A87EE68
:10A71000870AD4ED077A30EE270A02B010BD00BFD9
:10A720000000C84230B585B000238DF80F300378A3
:10A7300004460A462BB1012B27D09DF80F0005B027
:10A7400030BD90F84850012DF7D101914178C06C8F
:10A7500008F0AEFAE06C019A036811469B689847CE
:10A76000E06C08F0B0FA6178E06C2A4608F09DFAD7
:10A77000E06C03681B6998470028DED0E06C036832
:10A780005B6998478DF80F00F2E70DF10F01FFF7B5
:10A79000FBFED2E708B5F421FFF7C4FF00F0030089
:10A7A00008BDF8B5077804460E46154617B1012FC7
:10A7B00017D0F8BD90F84830012BFAD14178C06C21
:10A7C00008F076FAE06C036831469B689847E06CC5
:10A7D000036829469B689847E06CBDE8F84008F09C
:10A7E00072BAFBF7DDFB211D05F0A4FA0021A07869
:10A7F00008F085FE06F07F00FFF7BCFE2846FFF755
:10A80000B9FEA078394608F07AFEFBF7C9FBBDE82F
:10A81000F84005F075BA042938B50C4638BF0C4627
:10A820004FF0F401054628BF0024FFF77BFF00F03E
:10A83000FC0044EA0002F4212846BDE83840FFF756
:10A84000B0BF082938B50C4638BF0C464FF0F501AB
:10A85000054628BF0024FFF765FF00F01F0242EA0B
:10A8600044122846D2B2BDE83840F521FFF799BF1F
:10A87000082938B50C4638BF0C464FF0F50105469F
:10A8800028BF0024FFF74EFF20F01C0242EA84029A
:10A890002846D2B2BDE83840F521FFF782BF00005C
:10A8A000102998BF104B70B598BF5E5C044688BFF6
:10A8B0000126FFF76FFF002105462046FFF7ABFF9B
:10A8C000F4212046FFF72EFF00F01F0242EA461255
:10A8D0002046F421D2B2FFF764FF29462046BDE8A6
:10A8E0007040FFF798BF00BF68650C00102998BF43
:10A8F000104B70B598BF5E5C044688BF0126FFF719
:10A9000049FF002105462046FFF785FFF421204638
:10A91000FFF708FF20F01C0242EA86022046F421DD
:10A92000D2B2FFF73EFF29462046BDE87040FFF750
:10A9300072BF00BF68650C00102998BF0F4B70B53F
:10A9400098BF5E5C044688BF0126FFF723FF002105
:10A9500005462046FFF75FFFF2212046FFF7E2FEA3
:10A9600000F0F80040EA0602F2212046FFF719FF46
:10A9700029462046BDE87040FFF74DBF68650C00D2
:10A9800037B50446022006F0CFFF217801290CD10B
:10A990000191FBF705FB05F08DF90199A07808F00E
:10A9A0009DFD0199A07808F0AAFDD0212046FFF76F
:10A9B000B9FE582802D0602840F0EA80892120465C
:10A9C000FFF7B0FE882105462046FFF7ABFE00EBFF
:10A9D000052020848B212046FFF7A4FE8A2105460E
:10A9E0002046FFF79FFE00EB052060848D21204666
:10A9F000FFF798FE8C2105462046FFF793FE00EBFB
:10AA00000520A0848F212046FFF78CFE8E2105466D
:10AA10002046FFF787FE00EB0520E08491212046C9
:10AA2000FFF780FE902105462046FFF77BFE00EBF6
:10AA30000520208593212046FFF774FE92210546CC
:10AA40002046FFF76FFE00EB05206085952120462C
:10AA5000FFF768FE942105462046FFF763FE00EBF2
:10AA60000520A08597212046FFF75CFE962105462C
:10AA70002046FFF757FE00EB0520E0859921204690
:10AA8000FFF750FE982105462046FFF74BFE00EBEE
:10AA9000052020869B212046FFF744FE9A2105468B
:10AAA0002046FFF73FFE00EB052060869D212046F3
:10AAB000FFF738FE9C2105462046FFF733FE00EBEA
:10AAC0000520A0869F212046FFF72CFE9E210546EB
:10AAD0002046FFF727FE00EB0520E086A121204657
:10AAE000FFF720FEE22184F838002046FFF71AFE27
:10AAF000E12105462046FFF715FE00EB05206087A3
:10AB0000E3212046FFF70EFEE42184F83C002046B6
:10AB1000FFF708FEE52105462046FFF703FE00F09B
:10AB20000F0303EB0510E087E6212046FFF7FAFD4F
:10AB3000E52105462046FFF7F5FDC0F3071303EBBB
:10AB40000510A4F84000E7212046FFF7EBFD617DEA
:10AB500084F842002046FFF774FEA17D2046FFF7EF
:10AB600087FE217E2046FFF7C1FE617E2046FFF76B
:10AB7000E3FEE17D2046FFF793FE20460321FFF729
:10AB80004AFED021204603B0BDE83040FFF7CABDE1
:10AB900003B030BD10B500220124C16480F84840E4
:10ABA0000270FFF7EDFE582804D0A0F16003584270
:10ABB000584110BD2046FCE710B504463AB9036879
:10ABC0009B6898472046BDE8104005F0AEBDD2B264
:10ABD00005F0C3FDF6E70368C9B29B681847002279
:10ABE00002808270C17070472DE9F0410646174619
:10ABF000884608F04BFDF17808F05AF808F046FD59
:10AC0000036839469B68984708F040FD08F05BF8F8
:10AC1000044680BB08F03AFDF178012208F045F8BF
:10AC2000254608F033FD03681B69984730B108F0EA
:10AC30002DFD03685B699847C5B2F2E77378ABB145
:10AC400007F09AFC0D4905F06CFD07F095FC102209
:10AC5000394605F082FD07F08FFC094905F061FDDA
:10AC600007F08AFC10222946FFF7A6FF88F800505B
:10AC70002046BDE8F0810124FAE700BF79650C00A9
:10AC80008A650C0070B5064614460D4608F0FEFCB9
:10AC9000F17808F00DF808F0F9FC036829469B6884
:10ACA000984708F0F3FC036821469B68984708F032
:10ACB000EDFC08F008F8003818BF012070BD000056
:10ACC00038B5044608F0E2FCE17807F0F1FF08F03F
:10ACD000DDFC7F21FFF77FFF08F0D8FC0021FFF7A4
:10ACE0007AFF08F0D3FC07F0EEFF054607F044FCBE
:10ACF0002E4905F016FD07F03FFC0A222946FFF712
:10AD00005BFF3DB107F038FC294905F024FD012423
:10AD1000204638BD08F0BAFCE17807F0C9FF08F01A
:10AD2000B5FC1D21FFF757FF08F0B0FC2946FFF7DF
:10AD300052FF08F0ABFC07F0C6FF054607F01CFC0D
:10AD40001C4905F0EEFC07F017FC0A222946FFF724
:10AD500033FF1DB107F010FC1749D6E707F00CFCD4
:10AD6000164905F0DEFC08F091FCE17807F0A0FF41
:10AD700008F08CFC1D21FFF72EFF08F087FC8021D6
:10AD8000FFF729FF08F082FC07F09DFF044618B189
:10AD900007F0F2FB0A49B8E7022006F0C5FD07F00C
:10ADA000EBFB084905F0D7FCB2E700BF90650C004B
:10ADB000A5650C00C5650C00DF650C00FF650C0087
:10ADC00019660C0039660C000378D0ED017A002B6F
:10ADD00066D0B7EE007AF4EEC77AF1EE10FA03D53A
:10ADE00040F2145006F0A0BDB0EE087AF4EEC77A37
:10ADF000F1EE10FA02D540F28A20F3E7B1EE087ABC
:10AE0000F4EEC77AF1EE10FA02D54FF4A570E9E737
:10AE1000B2EE087AF4EEC77AF1EE10FA01D5AA2064
:10AE2000E0E7B3EE097AF4EEC77AF1EE10FA01D555
:10AE30005A20D7E79FED297AF4EEC77AF1EE10FA9F
:10AE400001D52D20CEE79FED267AF4EEC77AF1EEFC
:10AE500010FA01D51920C5E79FED227AF4EEC77AE2
:10AE6000F1EE10FA01D50B20BCE79FED1F7AF4EE4E
:10AE7000C77AF1EE10FA01D50620B3E79FED1B7AF1
:10AE8000F4EEC77AF1EE10FA01D50420AAE79FED9F
:10AE9000187AF4EEC77AF1EE10FA1DD50320A1E777
:10AEA0009FED127AF4EEC77AF1EE10FA06D59FED17
:10AEB0000D7AF4EEC77AF1EE10FAE6DC9FED0C7A2B
:10AEC000F4EEC77AF1EE10FA06D59FED077AF4EEAC
:10AED000C77AF1EE10FAE1DC022083E70000484275
:10AEE0000000C842000048430000C8430000484436
:10AEF0000000C84473B51B220E460DF1070105463C
:10AF0000FFF772FE044680B99DF8072086B102F073
:10AF10007E021B2128468DF80720FFF7B3FE04466A
:10AF20001EB910B92846FFF74FFF204602B070BD8A
:10AF300042F08002EDE7000038B501210546FFF739
:10AF4000D9FF0446002840F0A380D5ED017AB7EE82
:10AF5000007AF4EEC77AF1EE10FA67D4B0EE007A18
:10AF6000F4EEC77AF1EE10FA62D4B1EE007AF4EEA4
:10AF7000C77AF1EE10FA5DD4B2EE007AF4EEC77A39
:10AF8000F1EE10FA58D4B3EE007AF4EEC77AF1EE8F
:10AF900010FA2BD4B3EE0E7AF4EEC77AF1EE10FA73
:10AFA0004CD49FED3F7AF4EEC77AF1EE10FA47D415
:10AFB0009FED3C7AF4EEC77AF1EE10FA42D49FEDA1
:10AFC0003A7AF4EEC77AF1EE10FA3DD49FED377A73
:10AFD000F4EEC77AF1EE10FA38D49FED357AF4EE3C
:10AFE000C77AF1EE10FA4CBF062407246B7853B1F0
:10AFF00007F0C2FA2F4905F094FB07F0BDFA1022C2
:10B000002146FFF7D9FD224621212846FFF73AFEC7
:10B01000044600283CD12B78D3B16B7823B107F0DC
:10B02000ABFA254905F097FBC02412E00824DDE7C0
:10B030000924DBE70A24D9E70B24D7E70124D5E765
:10B040000224D3E70324D1E70424CFE70524CDE786
:10B0500080242B7A082B1DD0102B1ED0042B01D15D
:10B0600044F008046B7853B107F086FA134905F0F1
:10B0700058FB07F081FA10222146FFF79DFD22467A
:10B080001B212846FFF7FEFD04462846FFF79CFEDD
:10B09000204638BD44F01004E4E744F00404E1E73E
:10B0A000000070420000164300007A430000E143B4
:10B0B0000080544450660C0068660C007C660C00EE
:10B0C00073B502700022044680ED010A017282709D
:10B0D000437023B107F050FA344905F03CFB94ED7E
:10B0E000017ADFED337AB4EEE77AF1EE10FA03DDA0
:10B0F00023780BB90123237008F0C8FA07F0E6FDA6
:10B1000030B907F039FA2B4905F025FB012525E078
:10B1100007F032FA284905F01EFB322006F004FC45
:10B1200007F02AFA254905F016FB2046FFF7C8FD6F
:10B13000054607F021FA224905F0F3FA07F01CFA58
:10B140000A220646294605F008FB304605F0EDFACE
:10B150003DB107F011FA1B4905F0FDFA284602B08F
:10B1600070BD0F220DF106012046FFF73DFD9DF851
:10B170000630352B03D007F0FFF91349C4E70C2242
:10B180000DF107012046FFF72FFD9DF80730552BE5
:10B19000BCD1637823B107F0EFF90C4905F0DBFA75
:10B1A0002046FFF7C9FE0546D8E700BF90660C00B1
:10B1B00000004843A0660C00BB660C00DF660C0074
:10B1C000F7660C0010670C0030670C0051670C002C
:10B1D0002DE9F04F2DED028B85B00F4698460121E9
:10B1E0009DF840309DF84CB09DF850A09DF854401B
:10B1F000019305469146B0EE408AFFF77BFE064676
:10B20000002840F0F7809DF84820019B002A18BFD5
:10B21000082613B146F01006F6B214B146F0200627
:10B22000F6B26B7853B107F0A7F9954905F079FAB2
:10B2300007F0A2F910223146FFF7BEFC32461E216C
:10B240002846FFF71FFD0446002840F0D2801B224D
:10B250000DF10F012846FFF7C7FC0446002840F017
:10B26000C880BBF1000F05D09DF80F3043F00203FA
:10B270008DF80F30BAF1000F05D09DF80F3043F074
:10B2800020038DF80F306B7853B107F075F97D49C5
:10B2900005F047FA07F070F910223146FFF78CFCF1
:10B2A0009DF80F201B212846FFF7ECFC04460028E0
:10B2B00040F09F80B5EEC08AF1EE10FA40F1A08018
:10B2C00021220DF10F012846FFF78EFC002840F0E7
:10B2D0008F809DF80F300B2B01D86B4AD45C6B78B4
:10B2E00053B107F049F9694905F01BFA07F044F931
:10B2F00010222146FFF760FC22461D212846FFF759
:10B30000C1FC0446002874D19DF84430002B6B78B2
:10B3100014BF3F24BF2453B107F02EF95C4905F058
:10B3200000FA07F029F910222146FFF745FC2246D2
:10B330001F212846FFF7A6FC0446002859D16B7848
:10B34000C7F3071453B107F017F9524905F0E9F9AB
:10B3500007F012F910222146FFF72EFC22466A213F
:10B360002846FFF78FFC0446002842D16B783F0146
:10B37000FFB253B107F000F9474905F0D2F907F0E1
:10B38000FBF810223946FFF717FC3A466B21284696
:10B39000FFF778FC044660BB6B7853B107F0ECF81C
:10B3A0003E4905F0BEF907F0E7F810224946FFF7DD
:10B3B00003FC4A4629212846FFF764FC0446C0B92D
:10B3C0006B7853B107F0D8F8354905F0AAF907F0C2
:10B3D000D3F810224146FFF7EFFB42462A212846C8
:10B3E000FFF750FC044620B901462846FFF782FDCE
:10B3F00004462646304605B0BDEC028BBDE8F08F12
:10B40000F7EE007AB4EEE78AF1EE10FA3FF567AF97
:10B41000F0EE007AB4EEE78AF1EE10FA25D4F1EE00
:10B42000007AB4EEE78AF1EE10FA20D4F1EE0C7A4D
:10B43000B4EEE78AF1EE10FA1BD4F2EE0A7AB4EE1B
:10B44000E78AF1EE10FA16D4F3EE0A7AB4EEE78A40
:10B45000F1EE10FA11D4DFED137AB4EEE78AF1EED3
:10B4600010FA4CBF0624072439E7012437E70224E9
:10B4700035E7032433E7042431E705242FE700BF31
:10B4800060670C007C660C000C680C0078670C0090
:10B490008C670C00A4670C00C1670C00DE670C0011
:10B4A000F7670C0000004C42F0B52C4BC28840F20C
:10B4B000B271534364254FF4C876A1F2B274A2422C
:10B4C00021DC02F2B27264214779B2FBF1F5244C1F
:10B4D000DFF890C001FB15254FF4C871B2FBF1F6FF
:10B4E00001FB1626012102F003028F4222DD022910
:10B4F0001BD1D2B905B9C6B903F5181303F56E53BC
:10B5000001310134F1E78C070DD191FBF5F405FB16
:10B51000141424B991FBF6F406FB14141CB903F5BA
:10B52000A83303F5C0730131C7E794F800E00CFBC2
:10B530000E33E5E742788178C2EB02124FF4616482
:10B54000920004FB0122017800790A440549013880
:10B5500001FB002018440021F0BD00BF8033E10151
:10B5600018680C00805101006B230370704770B5A0
:10B57000064614460D4608F089F8317807F098FB26
:10B5800008F084F8036829469B68984708F07EF81D
:10B59000036821469B68984708F078F807F093FB0A
:10B5A000B0FA80F0400970BD38B504460D4608F089
:10B5B0006DF8217807F07CFB08F068F803682946ED
:10B5C0009B68984708F062F8002107F078FB08F0C4
:10B5D0005DF82178012207F068FB08F057F803684E
:10B5E0001B69984728B108F051F803685B699847D0
:10B5F000C0B238BD38B504460D4608F047F821788A
:10B6000007F056FB08F042F8036829469B68984704
:10B6100008F03CF8002107F052FB08F037F82178D9
:10B62000022207F042FB08F031F803681B699847D3
:10B6300001280EDD08F02AF803685B699847044684
:10B6400008F024F803685B69984740EA042080B258
:10B6500038BD0020FCE738B50D462E210446FFF723
:10B66000A3FF45B160F03F02D2B220462E21BDE8D3
:10B670003840FFF77CBF00F07F02F6E710B50446C4
:10B68000017008F003F8217807F012FB07F0FEFFC5
:10B6900007F019FB28B901212046FFF7DCFF012044
:10B6A00010BD0020FCE7000008B53B21FFF7A2FF1A
:10B6B000F8F708FE044B0022F8F798FFF9F764F951
:10B6C00000EE100A08BD00BF00408F4008B53321CE
:10B6D000FFF790FF03B200EE103AB8EEC00A08BDC3
:10B6E00008B54121FFF786FFF8F7ECFD044B002277
:10B6F000F8F752FEF9F748F900EE100A08BD00BF4E
:10B700000000E03F08B51C21FFF74EFFC0F34710D3
:10B7100008BD08B51C21FFF747FF00F00F0008BD6A
:10B7200008B5FFF7EFFF0138C0B205288CBF002035
:10B73000012008BD08B5FFF7E5FFC31F5842584177
:10B7400008BD08B5FFF7E5FF003818BF012008BDA8
:10B750002DE9F84F9DF928908173C273437480F8E6
:10B76000109004468A4616461D469DF830809DF886
:10B770003470DFF8D4B003F0BBFD4FEA0A1A10F8BA
:10B780000A20002A14BF5A464FF0A04202F2045287
:10B79000226203F0ADFD8244B9F1FF3F9AF8012027
:10B7A000226312D003F0A4FD4FEA091A10F80A3000
:10B7B000002B14BF5B464FF0A04303F204536361B8
:10B7C00003F096FD5044437863626B1C10D003F085
:10B7D0008FFD2D011C4A435D002B08BF4FF0A04296
:10B7E00002F5A262E26103F083FD28444378A3627C
:10B7F00003F07EFD36010025835D002B124B08BF50
:10B800004FF0A04303F20453A36103F071FD06441B
:10B8100084F80C807378E3620B9BA360677384F8F1
:10B8200034501020F9F7EDFA38B1084B03600B9B48
:10B830000571836080F80C8047730023606023608B
:10B840002046BDE8F88F00BF000300505C650C0087
:10B8500038B5044690F90E00411C09D0012180B290
:10B8600007F03CFE94F90E00012180B207F047FE7C
:10B87000256835B1284604F01DFA012084F834000B
:10B8800038BD94F90F00012180B207F027FE637BD9
:10B8900094F90F00012B94BF2946012180B207F0D3
:10B8A0002EFE94F91000421C09D0012180B207F04D
:10B8B00015FE94F91000012180B207F020FE94F9E2
:10B8C0001100431CD9D0002180B207F007FED4E755
:10B8D0002DE9F04F0446006885B00D4640B10023C5
:10B8E000009313460A4604F099FA05B0BDE8F08FBC
:10B8F000237BA068484FB7FBF0F7002B0B780CBFF9
:10B900004FF0010B4FF0800B1BEA030F01EB02031A
:10B910000CBF4FF001094FF00009FFB20393039BE6
:10B92000AB42E2D095F800A05E464FF0000817B198
:10B93000384603F055FD637B13F0FD0F41D194F9B8
:10B9400010305A1C0FD01AEA060114BF012300233D
:10B950004B4508D06369606A1A6800292CD00243FD
:10B960001A604FF00109A169E36A0A6813430B608A
:10B9700017B1384603F034FD94F91130013306D085
:10B98000E3691A68A36A1A4218BF46EA0808A1695F
:10B99000E36A0A6822EA03030B6094F91130013369
:10B9A00018BF85F80080237B002B32D17600F6B2D9
:10B9B000002EBCD10135B2E722EA00021A608946A6
:10B9C000D1E7A169E36A0A6813430B6017B13846EF
:10B9D00003F006FD94F91030013308D06369616A01
:10B9E0001A681AEA060F14BF0A438A431A60A1694B
:10B9F000E36A0A6822EA03030B6094F91130013309
:10BA0000CBD0E3691A68A36A1A4218BF46EA08084D
:10BA1000C3E77608CCE700BF20A1070007B50122E5
:10BA20008DF807100DF10701FFF752FF9DF8070091
:10BA300003B05DF804FB03681BB14168184604F0CD
:10BA400079B97047006808B104F05AB9704707B572
:10BA500003688DF80710DB6801220DF10701984794
:10BA600003B05DF804FB704710B5036A04461BB9C8
:10BA700001236360002010BD00205860206A92B24C
:10BA800001F01EFD236A5B68002BF4D0F0E7006A2A
:10BA900008B101F0F3BD7047006A10B1012101F057
:10BAA00033BA704710B524210446F9F7AEF92046A1
:10BAB00010BD07B501220DF1070101F033F901288E
:10BAC0000CBF9DF807004FF0FF3003B05DF804FB9A
:10BAD00008B5006A10B1FFF7ECFF08BD4FF0FF306A
:10BAE000FBE738B50546006A58B1FFF7E2FF431C93
:10BAF000044604D0286A0169013901F0D5F92046CD
:10BB000038BD0446FBE7000037B54FF47A73019265
:10BB10000022C0E901230E4B0360044628200D4695
:10BB200004F008F8206280B101992B4605F1280243
:10BB300053F8045B40F8045B9342F9D10C2204F102
:10BB4000100009F06CF800232377204603B030BDC5
:10BB50002C680C0000224FF47A71C0E901210249DF
:10BB600001600262027470472C680C00103070474C
:10BB7000006A20B1407A012894BF0020012070475C
:10BB800008B5006A08B101F0CDF808BD036A0BB131
:10BB9000186970474FF0FF307047006A00B1C06904
:10BBA000704708B5036A014663B1FFF7F6FF024626
:10BBB0000846FFF7EBFF47F6FF73101A984228BFBD
:10BBC000184608BD1846FCE710B50446006A30B1B7
:10BBD00001F0CCF9206A03F0B5FF0023236210BD09
:10BBE000006A18B1407A003818BF01207047000081
:10BBF00010B58AB000230A460A49019300918DF8D6
:10BC0000093001460123684601F0DCFA002814BF20
:10BC10000124002402D0684601F0A8F920460AB0A9
:10BC200010BD00BF4C6A0C00F0B58BB000260A4F67
:10BC3000019604460D4600978DF80960FFF7D8FF7E
:10BC400038B92A462146684601F0C8FA801B18BF59
:10BC500001200BB0F0BD00BF4C6A0C0008B52AB142
:10BC600001F0F0FB003818BF012008BD0120FCE7FF
:10BC700000B58BB0AAB100230B4A019300928DF856
:10BC800009300A4601230146684601F09BFA28B1B3
:10BC9000684601F0EFFB003818BF01200BB05DF8DB
:10BCA00004FB0120FAE700BF4C6A0C0038B5012202
:10BCB00004460D4600F0FCFB024628B92946204602
:10BCC000BDE8384000F0F4BB012038BD30B50B684A
:10BCD000C45C2F2C08BF01330024C55C2F2D06D077
:10BCE0002DB1155501340C2C03F10103F5D10025BC
:10BCF0001555C25C2F2A08BF01330B60C05C0038A9
:10BD000018BF012030BD00002DE9F04F9246224AB5
:10BD10009BB09B460023CDE9102381460D46079337
:10BD200006928DF821308DF8493001930C460DF1C3
:10BD3000180802AA01A94846FFF7C8FF80F00102CF
:10BD400007465B46D2B202A92046D047064630B924
:10BD5000AC4215D1002630461BB0BDE8F08F6FB164
:10BD6000012302AA2146404601F02CFAAC420646C5
:10BD70000AD0204601F0FAF84EB9EBE7AC42EAD01F
:10BD8000204601F0F3F8E6E70028E3D010AC2346A4
:10BD900044469846CDE700BF4C6A0C002DE9F743B6
:10BDA00090F8413004460A4623B13830019101F041
:10BDB000DDF8019A0121204600F0A0FD04F11009F0
:10BDC000064621464846FFF771FF05469EB906F034
:10BDD000D3FB424904F0B5FC06F0CEFB404904F029
:10BDE000B0FC06F0C9FB3F4904F0ABFC06F0C4FB15
:10BDF0003D4904F0A6FC25B906F0BEFB3B4904F022
:10BE0000A0FC06F0B9FB3A4904F084FC06F0B4FB50
:10BE10000A22E169074604F0A0FC384604F085FCDC
:10BE200006F0AAFB334904F075FC06F0A5FB0A22D4
:10BE3000217D074604F091FC384604F076FC06F0BC
:10BE40009BFB2D4904F066FC06F096FB0A2294F851
:10BE50003010074604F081FC384604F066FCE369C4
:10BE6000277D5F4306F088FB244904F053FC06F06D
:10BE700083FB0A228046F90A04F06FFC404604F076
:10BE800054FC1F4B9F4205D3237D3F2B06D91D4BEE
:10BE90009F4212D294F83030202B0ED106F06CFB6A
:10BEA000194904F058FC06F067FB184904F053FCEC
:10BEB00006F062FB164904F04EFC5EB165B14946DE
:10BEC00004F1380000F080FE003818BF012003B0F4
:10BED000BDE8F0833046FAE72846F8E754680C00DE
:10BEE0007C680C0092680C00AC680C00F0680C00D8
:10BEF0003A690C004E690C0062690C0079690C000B
:10BF00000068220000C044008D690C00C3690C0069
:10BF1000FB690C00383001F029B800004A68426023
:10BF2000094A02600A890281CA68C2600A6902611C
:10BF30004A6942610A7E0276CA69C2610A6A02627D
:10BF40004A6A4262704700BF4C6A0C002DE9F04F0C
:10BF5000DFF8A4B09BB04FF000080746103106A8E8
:10BF60009146CDE910B80193CDF81C80CDF818B0FA
:10BF70008DF821808DF8498000F026FE4D460DF1A8
:10BF8000400A06AE2F21284608F0F8FD58B32B785A
:10BF90002F2B01D10135F5E7441BE4B20C2C28BF4F
:10BFA0000C242246294602A808F039FE1AAB234485
:10BFB000504603F8608C00F0D9FF012302AA3146F5
:10BFC000504601F0FFF830B9C7E900B07872384642
:10BFD0001BB0BDE8F08F304600F0C8FF3346254463
:10BFE00056469A46CEE7019BA5EB09051D603146F2
:10BFF0003846FFF793FFEAE74C6A0C00F0B5A1B0B2
:10C0000004461D4602A801AB1646FFF79FFF019BA1
:10C01000F718F35C4BB902A916A8FFF77FFF174A80
:10C0200016A92046FFF770FD0BE000230D938DF855
:10C0300039309DF81130124A0C922BB92046FFF787
:10C0400089FD204621B0F0BD2B463A4602A90CA836
:10C0500001F0B8F80028F1D002A805F0060500F0BC
:10C0600085FF062D03D113990CA800F01DFF0CA924
:10C0700016A8FFF753FF3A46D2E700BFAA5E0C00AE
:10C080004C6A0C0010B40446044A0846002304F12C
:10C0900038015DF8044BFFF737BE00BFF1BB0B0062
:10C0A00010B40446044A0846002304F138015DF840
:10C0B000044BFFF729BE00BF29BC0B0010B4044697
:10C0C000044A0846002304F138015DF8044BFFF7E9
:10C0D0001BBE00BF71BC0B0010B40446044A0846E6
:10C0E000002304F138015DF8044BFFF70DBE00BFDB
:10C0F0005DBC0B0070B50446A0B00D461646286A1C
:10C1000004A900F091FE002802DD9DF810301BB953
:10C110002046FFF71FFD22E0E52BF0D02E2BEED0BE
:10C120009DF81B0010F00800E9D10E4B0D908DF822
:10C130003900694604A80C9300F0E2FC296A3346F2
:10C140006A460CA801F03EF80028E1D00CA916A818
:10C15000FFF7E4FE6A4616A92046FFF7D5FC204605
:10C1600020B070BD4C6A0C00074B022100221961FF
:10C1700006491A73C3E9012283F83020DA63996310
:10C1800083F84120704700BFF4DA03204C6A0C00AA
:10C1900010B5074C2168034639B10648064A0068C5
:10C1A00000F064FB10B100232360012010BD00BF2C
:10C1B0005CDD032060DD03205CDB032038B50D4D22
:10C1C0002B7804460BB9012009E00B490B4A09689A
:10C1D00003460B48006800F049FB08B9002038BD51
:10C1E000002CF0D02046FFF7D3FF0028F6D0002324
:10C1F0002B70E8E758DB0320C0D303205CDB03206F
:10C2000060DD032070B50D4E3368834205460C4651
:10C210000ED00120FFF7D2FF08B9002070BD084BF7
:10C22000084A1868294600F017FB0028F5D0356049
:10C23000054B19780C431C700120EFE7C0D3032095
:10C2400060DD03205CDB032058DB032010B50446CF
:10C250000120FFF7B3FF68B14FF4007206480021D8
:10C2600008F046FC054B064A1C60137843F00103B6
:10C270001370012010BD00BF5CDB0320C0D303207E
:10C2800058DB032070B5C36801338B4205460C466A
:10C29000164601D2002070BD95F82030C069102BE1
:10C2A0000CBF0B0ACB0918440D4B1B6898420AD1EE
:10C2B00095F82030102B0B4B0BD1E4B233F814302F
:10C2C00033600120E7E70021FFF79CFF0028EFD152
:10C2D000E0E704F07F0453F8243023F07043EFE7E5
:10C2E000C0D303205CDB03202DE9F3410F4F019104
:10C2F0000446154600264FF40078019901AA20460D
:10C30000FFF7C0FF78B1237C94F8202008FA03F3EC
:10C310001E444FF6F873102A18BF3B46019A9A4202
:10C32000EBD32E60012002B0BDE8F081F8FFFF0FD3
:10C330000129F8B505460C46174601D80020F8BD7E
:10C34000C36801338B42F9D390F82030C669102BB3
:10C350000CBF0B0ACB091E44134B1B689E4217D11E
:10C3600095F82030102B114B19D1E4B223F814703A
:10C370000F4A137843F0010313702B7E012B82BF09
:10C38000AB68F6180B4B4FF0010088BF1E60D6E774
:10C3900000213046FFF736FF0028E1D1CEE704F058
:10C3A0007F0443F82470E3E7C0D303205CDB032061
:10C3B00058DB03205CDD03202DE9F74F14680646A7
:10C3C000894690463CB301340027F368254603F1C3
:10C3D000010B4FF0000AF368534517D95D4588BF3C
:10C3E000022501AA2946304688BF2C46FFF74AFF9E
:10C3F00060B1019A6B1C9AB91A1B4A4511D16FF0B2
:10C40000704229463046FFF793FF70B9002738463F
:10C4100003B0BDE8F08F4B1E5F4204685F41D4E774
:10C420001C460AF1010A1D46D5E7AC420AD205F1C5
:10C43000FF392A4649463046FFF77AFF0028E5D003
:10C440004D46F2E7D8F8001021B9C8F8004047B9C6
:10C450000127DCE722463046FFF76AFF0028F4D1C7
:10C46000D4E701343460D2E773B502230F4E036082
:10C4700005460C4601AA21462846FFF703FF90B166
:10C48000002221462846FFF753FF60B195F820208F
:10C49000019C4FF6F873102A18BF33469C42E9D32B
:10C4A000012002B070BD0020FBE700BFF8FFFF0FC6
:10C4B000F8B53A4B054619601446DAB1042A01D999
:10C4C0000020F8BD00210846FFF79CFE0028F7D0A9
:10C4D000334A02EB041393F8AE315B06F0D11B3400
:10C4E00002EB0414D4F80A30632BE9D9D4F80640DF
:10C4F000002CE5D000212046FFF784FE0028DFD085
:10C50000274BB3F80B20B2F5007FD9D1197C002955
:10C51000D6D0DA89002AD3D05A7B002AD0D0297607
:10C5200000212A7129740126287C06FA00F18A422A
:10C5300004D0411C07282974F6D9C1E7D98A01B96A
:10C54000596AA960DA892244EA61B3F811706F84EC
:10C55000BEB21F7C01FB0722710101F2FF116A626A
:10C5600002EB51226A61B3F8131001B9196AA41AD7
:10C570000C44C44040F6F4729442EC6004D80C239E
:10C5800085F8203001209CE74FF6F472944285BF75
:10C59000DB6A6B6210232023F2E700BF60DD03201B
:10C5A0005CDB032006294FF0000204D916234371F7
:10C5B0001146084670470E4B1A71052916D8DFE858
:10C5C00001F003080D0F11130A4A9A6001219981A5
:10C5D000EFE7094A9A6001229A81EAE7074AF4E7FD
:10C5E000074AF2E7074AF0E7074AEEE7074AECE7AF
:10C5F00068DD032040787D0100093D0080841E0035
:10C6000040420F0020A1070090D0030048E801003D
:10C6100007B50190F9F7C4FC019903B05DF804EB8C
:10C6200003F0F6BB08B5F9F7BBFCBDE80840FF21F5
:10C6300003F0EEBB38B50C4602F0DAFE0546FFF714
:10C64000F1FFFF2806D002F0D3FE431BA342F6D32E
:10C65000002038BD0120FCE708B50121007906F073
:10C660004EFF064B1A783AB100221A70F9F798FC7F
:10C67000BDE8084003F044BB08BD00BF64DD0320F3
:10C6800038B58379044673B140F2012523895A1CD9
:10C69000AB42228102D8FFF7C5FFF7E72046FFF73C
:10C6A000DBFF0023A37138BD38B5044602F0A0FEBD
:10C6B0000546FFF7B7FFFF28E0720CD102F098FEA5
:10C6C000431BB3F5967FF4D90F2320466371FFF720
:10C6D000C3FF002038BDFE2801D00D23F5E701205F
:10C6E000F8E770B5054608461446FFF791FF661E49
:10C6F00004F2FF1416F8010FFFF78AFFA642F9D1E2
:10C70000FF20FFF785FFFF20FFF782FFFFF78AFF7B
:10C7100000F01F03052BE87206D0112328466B7129
:10C72000FFF79AFF002070BD0120FCE710B5084B11
:10C730001A78044632B901221A70F9F731FC05491A
:10C7400003F0F8FA20790021BDE8104006F0D7BECA
:10C7500064DD032068DD0320F8B504460D46174666
:10C76000FFF78EFF2046FFF7E1FF4FF4967120465A
:10C77000FFF760FF45F04000FFF74AFF182627FA51
:10C7800006F0C0B2083EFFF743FF16F1080FF6D1DE
:10C7900085B1082D14BFFF208720FFF739FF002542
:10C7A000FFF740FF0306E07203D50135B5F5807F42
:10C7B000F6D1F8BD9520F0E7F8B51D461344B3F562
:10C7C000007F0446164615DC83792BB103688B4243
:10C7D00002D1038993421AD9237B2160032B18BF0E
:10C7E00049020A4620461121FFF7B6FF074630B13D
:10C7F000032363712046FFF72FFF0020F8BD20467A
:10C80000FFF752FF0028F5D001232781A371238968
:10C81000B34208D3069E7719B7420AD0FFF702FF4A
:10C8200006F8010BF8E7FFF7FDFE238901332381AA
:10C83000EDE723891D44A37AADB2258113B1B5F587
:10C84000007F02D32046FFF71BFF0120D6E70BB184
:10C85000FFF7B2BF0120704707B54FF40073009295
:10C860000022FFF7A9FF03B05DF804FBF8B51746F7
:10C8700004461E460A4631B9122363712046FFF76B
:10C88000EBFE00202AE0037B032B18BF4A0218218D
:10C89000FFF762FF054608B10423EEE73A46FE21A2
:10C8A0002046FFF71EFF0028E8D09EB14FF4167116
:10C8B0002046FFF7BFFE08B91523DEE72A460D2103
:10C8C0002046FFF749FF08B11423D6E7FFF7AAFE79
:10C8D0000028F9D12046FFF7BFFE0120F8BD38B58A
:10C8E0000546FFF723FFFFF79DFE04462846FFF7A6
:10C8F000B3FEB4F1FF0018BF012038BD2DE9F041AF
:10C9000000250271057385728571457104460F46D5
:10C9100002F06EFD012106462079DFF8208106F045
:10C92000DDFD0121207906F0EAFDF9F739FB03F07E
:10C93000C1F9414BC8F80830012388F80450A8F821
:10C940000C30F9F72DFB414603F0F4F90A25FF20DE
:10C95000013DFFF75DFE15F0FF05F8D1F9F720FB6B
:10C9600003F0CEF92046FFF7E1FE002211462046F3
:10C97000FFF7F2FE01280546E0720DD002F038FD07
:10C98000801BB0F5FA6FF0D9012320466371FFF7E1
:10C9900063FE0020BDE8F0814FF4D57208212046E7
:10C9A000FFF7DAFE430716D525730025002237214D
:10C9B0002046FFF7D1FE2A4629212046FFF7CCFE6C
:10C9C0000246E072B8B102F013FD801BB0F5FA6FB9
:10C9D000ECD90823D9E70425FFF724FE013D15F023
:10C9E000FF05E072F8D1AA284FF00203CDD12373DE
:10C9F0004FF08045DAE7237B022B14D13A21204601
:10CA0000FFF7AAFE08B10623BFE7FFF70BFE00F011
:10CA1000C000C02804BF03232373FFF703FEFFF702
:10CA200001FEFFF7FFFD2046FFF716FE39462046C0
:10CA3000BDE8F041FFF7B6BD90D0030068DD0320EC
:10CA4000044B054A1A6001221A7100229A609A81E9
:10CA5000704700BF68DD03205C650C00704710B5AF
:10CA600028210446F8F7D1F9204610BD10B500F191
:10CA70000C0204460121406AFFF79EFC60B1236A64
:10CA80002BB9237AE268226263F07F032372237A50
:10CA900043F020032372012010BD70B50546FFF757
:10CAA000E5FF08B9002070BD6B6AEC681A7C1E793E
:10CAB000023C94405A6914442644B44206D0013ED4
:10CAC0003046FFF7C3FB0028F7D1EBE76B6A1A7C0F
:10CAD0004FF4007303FA02F2EB691344EB61012097
:10CAE000E1E7000010B504464069FFF78BFB18B181
:10CAF000237E024800EB431010BD00BF5CDB032027
:10CB0000002270B5013813462E2410F8015F202D45
:10CB100008D0082A02BFCC545D1CEBB20678CE5474
:10CB20005D1CEBB20132D2B20B2AEED10022CA5404
:10CB300070BD00002DE9F0434FF020334B6085B00D
:10CB400006460A460B60C1F8073000254FF007087B
:10CB500016F8013B73B32E2B06D1B8F10A0F17D08C
:10CB600008254FF00A08F3E7164CEC4604F11009CB
:10CB7000674620686168E646AEE8030008344C4525
:10CB8000F446F6D1394611F8010B18B18342FAD1B7
:10CB9000002013E0A845FBD3A3F121015D29F7D8BC
:10CBA000A3F1610119299CBF203BDBB2691C5355DD
:10CBB000CDB2CDE71078203818BF012005B0BDE810
:10CBC000F08300BF326A0C0038B5427A04460D4645
:10CBD0000AB1002038BD91F82030102B0ED102236D
:10CBE000437202624B8C5B01C36100230120C4E9E4
:10CBF00003336562207263612376EBE7202BE8D173
:10CC000003234372496A016200F11C022846FFF7C0
:10CC10006BFB0028E9D1DCE72DE9F0410025074650
:10CC20000E4600F1FF382C4618F8013F202B11D09A
:10CC3000082D06D105F0A0FC01342E21E4B203F04A
:10CC40006DFD05F099FC036898F800109B68984703
:10CC50000134E4B20135EDB20B2DE5D1FB7A03F0DE
:10CC60001803102B06D105F087FC2F2103F056FD89
:10CC70000134E4B2B44203D205F07EFC2021F5E792
:10CC8000BDE8F08107B50A22B0FBF2F302FB130006
:10CC900003F13001303000238DF804108DF8063098
:10CCA0008DF8050005F068FC01A903F033FD03B021
:10CCB0005DF804FB10B50446C00AFFF7E3FF05F07A
:10CCC0005BFC3A2103F02AFDC4F34510FFF7DAFFBD
:10CCD00005F052FC3A2103F021FD04F01F00400052
:10CCE000BDE81040FFF7CEBF10B5044605F044FC88
:10CCF000610A0A2201F2BC7103F02FFD05F03CFC31
:10CD00002D2103F00BFDC4F34310FFF7BBFF05F02B
:10CD100033FC2D2103F002FD04F01F00BDE810409C
:10CD2000FFF7B0BF2DE9F74F437A04460F4615468B
:10CD300023B94FF0FF3003B0BDE8F08F037ADA0774
:10CD4000F7D5C3690269DFF8D8A0DFF8D8B09B1A1D
:10CD50009D4288BF9DB2A846B8F1000F5CD0637AAF
:10CD60002269606A022BC2F308064FEA522123D1DE
:10CD7000406A0844C6F50073227A9845CCBF1FFA72
:10CD800083F9C146530602D4B9F5007F03D1DAF81E
:10CD9000002082422DD10021FFF734FA0028C8D0AC
:10CDA0001E4B1E4406EB09003A4686422BD016F86D
:10CDB000011B02F8011BF8E70379013B0B405FFA06
:10CDC00083F92EB9B9F1000F02D152B9226AE2609B
:10CDD000626AE068117C5269023888401044484415
:10CDE000C8E7E16804F10C02FFF74CFA0028EFD124
:10CDF0009FE701460097DBF800004B463246FFF7FD
:10CE000026FD002895D02269A8EB09084A444F4422
:10CE100022611FFA88F89FE728B28CE75CDB0320C9
:10CE2000C0D3032060DD032038B5437A012B0546CB
:10CE30000C4617D90369DA0614D120222146284668
:10CE4000FFF770FF40B2202809D123786BB1E52BA2
:10CE5000F3D02E2BF1D0E37A1B07EED438BDC017E8
:10CE600040B2FBE74FF0FF30F8E71846F6E7000066
:10CE700037B5437A012B044609D9036901220DF124
:10CE80000701C3F34315FFF74DFF012801D0002030
:10CE900005E0236903481F33236100EB451003B00D
:10CEA00030BD00BF5CDB0320F8B5437A04460E4674
:10CEB0000BB90020F8BDC2698A42FAD3022B02D115
:10CEC00026610120F6E709B9E160F9E7436A0169E3
:10CED0001D7C4B1E05F10902751ED340D540AB42A7
:10CEE00000D871B9236AE36004F10C07002DE7D084
:10CEF000E168606A3A46FFF7C5F9013D0028F5D1BF
:10CF0000D7E7ED1AF0E7000070B5437A04460E4605
:10CF100043B390F90830002B1ADA0121FFF7E2FD44
:10CF20000546F8B1637A012B9CBFE369C361236AAC
:10CF30004383638C83820C4B1B682BB100F1160179
:10CF4000183098472B8B6B82237A03F07F03237270
:10CF50001EB9237A23F0100323723046BDE87040D7
:10CF6000FFF72CB9002070BD78DD032010B501213A
:10CF70000446FFF7C9FF10B100236372012010BD02
:10CF8000F7B5437A012B04460D4603D0002318461B
:10CF900003B0F0BD027A9207F8D5C2698A42F5D390
:10CFA000002AF4D00669FFF77FFF0028EED0606A00
:10CFB000D5B9216AFFF758FA0028E7D02562237A0D
:10CFC000E56163F07F03237201212046FFF79CFF98
:10CFD0000028DBD0B5422946204628BF314603B0A1
:10CFE000BDE8F040FFF760BFE16801AAFFF74AF92A
:10CFF0000028CBD0606A0C4A90F8207001994FF657
:10D00000F873102F18BF13469942D8D2FFF72CFAA5
:10D010000028BBD0E168606A6FF07042FFF788F9C2
:10D020000028CCD1B2E700BFF8FFFF0F38B51D4B89
:10D0300003EB41131546DA7A12F0110F044604D0BF
:10D0400015F0420F01D0002038BD174A2176126832
:10D050006261998A0A042262598B11432162DA7A49
:10D0600012F0180210D1DB69E3610123637205F04D
:10D070000F03237200216B06C4E903110FD520466C
:10D08000BDE83840FFF77CBF102ADCD1606A04F1AC
:10D090001C02FFF729F90028D5D00423E6E7012078
:10D0A000D2E700BF5CDB0320C0D303202DE9F043AF
:10D0B00085B005460C46104601A91F46FFF73AFD0C
:10D0C00018B9002005B0BDE8F083636A6B620026E2
:10D0D000C4E90366DFF8E8902369E269934218D255
:10D0E0002046C3F34318FFF7C3FE01460028E8D0EB
:10D0F000037823B1E52B3BD116B10126ECE746B905
:10D10000D9F8003085F818806B610B78002BF4D1CA
:10D11000012607F01203122BD3D1002E38D00121A3
:10D120002846FFF7DFFC04460028CAD02022002151
:10D13000204607F0DDFC01AB03CB206061601A885C
:10D140009B78A3721C4B22811B6863B304F10E0110
:10D1500004F110009847238A63822383E389E382E2
:10D160000120FFF72BF80028ABD0297E3A460BE0D0
:10D170000B2201A807F084FC0028ADD107F0300392
:10D18000302B9ED03A4641462846FFF74FFF99E79D
:10D19000637A022B95D02046FFF77FFC002890D0C1
:10D1A000064C2E76C2E721222274A373282208237C
:10D1B0006274E373CFE700BF78DD03205CDB0320FC
:10D1C000C0D3032010B4447A1CB95DF8044BFFF7B8
:10D1D0006DBF00205DF8044B704700002DE9F04161
:10D1E000332388B006468846FFF7ECFF002862D05C
:10D1F00040F2014333813046FFF74FFC00285AD0FC
:10D2000001213046FFF780FE002854D0012130462E
:10D21000FFF768FC034600284DD01022C2726A4610
:10D2200000F12007144618685968154603C50833ED
:10D23000BB422A46F7D14FF02033CDF80130CDF86C
:10D240000530ADF80930D6E908031A7C5B6902386D
:10D25000904001211844FEF7D5FF60B34FF02E0C2B
:10D260008DF800C027460FCF154D8DF801C00FC5B2
:10D2700097E80F0085E80F0098F80930114D023B40
:10D28000012B8BBFD8F8203000229AB2134688BFFA
:10D290001B0CADF81430ADF81A200FCC0FC594E874
:10D2A0000F0085E80F0040230120336108B0BDE87E
:10D2B000F041FEF783BF002008B0BDE8F08100BF59
:10D2C0005CDB03207CDB0320F8B51F46437A044671
:10D2D0000D461646E3B907F03003302B18D04B6AE1
:10D2E000436251012846FFF7DFFD88B12846FFF76A
:10D2F000BFFD68B103785BB1E52B09D02E2B07D0B9
:10D300003A4606F00F012046BDE8F840FFF78EBE12
:10D310000020F8BD2DE9F04F0023C0E9033311F0E0
:10D32000030FDFF8F0A08BB005460E46174614BF7A
:10D330004FF00E08984601F001092846FFF798FDC6
:10D340000446002862D00378002B5FD0E52BF4D090
:10D350002E2BF2D090F80BB01BF0080BEDD14FFA4A
:10D360008BF3BB420BF1010B05DA05F005F9202127
:10D3700003F0D4F9F3E741462046FFF74DFCB9F13D
:10D38000000F0AD0208BFFF7AFFC05F0F5F8202145
:10D3900003F0C4F9E08AFFF78DFCE37A03F0180389
:10D3A000102B0CD0B2070AD505F0E6F8202103F0C7
:10D3B000B5F905F0E1F8E1690A2203F0CEF905F0CC
:10D3C000DBF803F0B2F97307B7D5E37A03F018037B
:10D3D000102BB2D12C696409013C0023A4B2CDE921
:10D3E00000A38DF809302246012329466846FFF73D
:10D3F0006BFF28B1BA1CD2B231466846FFF78AFFEC
:10D40000611C49012846FFF74FFD96E70BB0BDE8C8
:10D41000F08F00BF4C6A0C0010B500210446FFF7E6
:10D42000AFFD68B101212046FFF75CFB40B1E52369
:10D430000370002363720120BDE81040FEF7BEBEFA
:10D44000002010BD00B58BB000230A4608490193A7
:10D4500000918DF80930014602236846FFF726FE49
:10D4600010B16846FFF7D8FF0BB05DF804FB00BFB2
:10D470004C6A0C0010B5437A042B044613D10023E8
:10D48000C0E903332269E3699A420ED22046FFF7CE
:10D49000EFFC40B1037843B1E52BF3D02E2BF1D054
:10D4A000C37A1B07EED4002010BD01236372237AD8
:10D4B00043F0020323722046BDE81040FFF7ACBFE3
:10D4C0002DE9F04F2DED028B437A012B83B00446FA
:10D4D000894617462FD1057AA9072CD56A0722D489
:10D4E00085F01005C5F3001308EE103ADFF870B1AF
:10D4F000BA462569BAF1000F00F08A80606A0679A1
:10D50000013E06EA552616F0FF06C5F3080517D1B9
:10D51000B5B9E168002942D1236A83B92046FFF7F3
:10D52000A5FA68B907E0C16903699942D8D0FFF745
:10D53000BBFC0028D4D10123636000207AE0E360C3
:10D54000626AE368117C5269C5F500781FFA88F8B1
:10D55000D045A3F1020328BFD0468B401344B8F551
:10D56000007F1E442ED1DBF800303848B34204BFA0
:10D570004FF0FF33CBF80030006818EE103A4A46FF
:10D580003146FFF773F90028D5D009F500792369F2
:10D59000AAEB080A43441FFA8AFA2361A9E701AA01
:10D5A000FEF770FE002845D0636A294893F82010E2
:10D5B000019A4FF6F873102918BF03469A42ADD26C
:10D5C000E260BDE7DDB92269E3699A4217D3012021
:10D5D000FEF7F4FD0028AED01E4ACBF800601378A9
:10D5E00043F0010313701C4B1D4405EB08014B462F
:10D5F0008D420BD013F8012B05F8012BF8E7012120
:10D600003046FEF7FFFD0028EDD194E7C144BEE7A8
:10D61000E269237AAA4204D2E56163F07F032372B0
:10D6200004E00E4A12680AB1002FF6D1237A1B07D4
:10D6300005D4384603B0BDEC028BBDE8F08F012164
:10D640002046FFF761FC0028F3D174E760DD03207A
:10D65000F8FFFF0F58DB03205CDB032078DD03209D
:10D66000C0D3032007B501228DF807100DF1070183
:10D67000FFF726FF03B05DF804FB000070B5437AA6
:10D68000012B054601D0002070BD037A9A07FAD518
:10D690005B0712D4154B1868FFF721F90028F2D167
:10D6A0002B7A13F0200411D001462846FFF72CFCFA
:10D6B0002B7A23F020032B72E5E7C16903698B42C3
:10D6C000E8D0FFF7F1FB0028E4D1DCE7084A126854
:10D6D00012B1FEF75DFDD6E72869C0F3080043F0FC
:10D6E0001003C0F500702B7280B2CDE760DD03201F
:10D6F0005CDD032070B5064615460C4605F0C6FFF6
:10D70000314605F0D5FA05F0C1FF0368E9B29B6820
:10D71000984705F0BBFF0368210A9B68984705F00E
:10D72000B5FF0368E1B29B68984705F0AFFFBDE81D
:10D73000704005F0C8BA704773B5244B244D0446B9
:10D7400044F2891623484ABB21704FF06451E360CC
:10D7500061602682A060019205F098FF05F06EFAE4
:10D76000019A20784FF40041FFF7C4FF322004F003
:10D77000DBF842F69F11019A29802078FFF7BAFF63
:10D78000322004F0D1F8218A20780522FFF7B2FF79
:10D79000322002B0BDE8704004F0C6B80E4AE36023
:10D7A000217062602682A06005F070FF05F046FAE5
:10D7B00000224FF400412078FFF79CFF322004F054
:10D7C000B3F842F69F1129800022D6E7ACC527376F
:10D7D0007CDD03206F12833BABAAAA3938B50C4617
:10D7E000154605F053FF214605F062FA05F04EFF9D
:10D7F0000368E9B29B68984705F048FF05F063FAB3
:10D8000005F044FF0222214605F04FFA05F03EFFE5
:10D8100003681B69984702280ED105F037FF03689B
:10D820005B699847C4B205F031FF03685B699847AC
:10D83000C0B240EA042038BD00200446F9E70000E9
:10D8400010B5022201780446FFF7C8FF094B1B8878
:10D850009A040AD5C0F3CF0007EE900A94ED020AAD
:10D86000F8EE677A27EE800A10BD5B0448BFC0F36C
:10D870008F00F1E77CDD0320C1F30E0307EE903A41
:10D880000B04F8EEE77A48BF9FED047A90ED010AA9
:10D8900048BF77EEC77A27EE800A7047000000473E
:10D8A00010B5042201780446FFF798FF0146204690
:10D8B000FFF7E2FFDFED027A20EE270A10BD00BF7E
:10D8C00000007A44062180F88C104FF001310022CC
:10D8D000C0F89C10C0F89810C0F89F102821C0F81C
:10D8E0009020A0F88A2080F8952080F8962080F873
:10D8F000A310C0F8A42070470EB433B50E4DD0F875
:10D9000090202B689A4204460FDD06AB059A0B481F
:10D9100001934FF4807102F025F994F8943023B903
:10D9200004F02AFE054902F0F5FE00232B6002B048
:10D93000BDE8304003B0704780DE03207EDD032069
:10D94000425C0144002362F31F634A7862F3174389
:10D950008A7862F30F23CA7862F3070300EE103A65
:10D960007047000010B590F88C30022B04460FD1A0
:10D9700004F002FE4FF4E13104F0EEFD04F0FCFD92
:10D98000C4F8A8004FF47A7003F0CEFF01200AE03B
:10D9900090F8A43013B190F8A5302BB920460A496D
:10D9A000FFF7AAFF002010BDB0F8A42040F608033E
:10D9B0009A42E7D105F002FE4FF4E13105F0D6F8C6
:10D9C00005F0FCFDDCE700BF5C6A0C007D2930B58A
:10D9D00002F1010400EB02050CD007D8112912D086
:10D9E000132912D085F88010204630BD7E29F9D148
:10D9F0005E2300E05D2320447D2185F88010941C87
:10DA000080F88030F0E73123F5E73323F3E70000B7
:10DA10005D2908B511D00CD8312910D0332910D088
:10DA2000094B01221A600A460849FFF765FF0020EA
:10DA300008BD5E29F4D17E20FAE77D20F8E71120A9
:10DA4000F6E71320F4E700BF80DE0320746A0C00C1
:10DA500010B500209A4204D88C5C01322044D2B226
:10DA6000F8E7C043C0B210BD70B500F180060023D6
:10DA7000154682294FF07E02C0F88030C0F884300D
:10DA80000446338180F88B3080F8802080F8821043
:10DA90004BD013D8112908D80F2961D849B301F008
:10DAA000FD0101295CD0184670BD562958D0812946
:10DAB000F9D14FF4C073A0F882300BE0D3294FD0D6
:10DAC0000AD8D1294CD0D229EDD1012380F8833056
:10DAD00080F88430052514E0F02901D0F329E2D143
:10DAE0004FF4E87301F00F01A4F8823084F8841039
:10DAF000F0E7022380F8833040F20133A0F884304D
:10DB00000625EBB2012231462046FFF7A1FF2A4647
:10DB100001462046FFF75AFF23187E22013083F882
:10DB2000802084F88B000123BDE74FF4B063A0F898
:10DB30008230290E0522FFF749FFC5F3074102464F
:10DB40002046FFF743FFC5F3072102462046FFF7B3
:10DB50003DFFE9B202462046FFF738FF0546D0E711
:10DB60000425CEE770B590F88B3004466BB3D0F83F
:10DB70009030B3B11649174EFFF7BEFE002594F85A
:10DB80008B20EBB29A4208D92344314693F8802087
:10DB90002046FFF7B1FE0135F1E70F492046FFF7B8
:10DBA000ABFE002594F88B20EBB29A4209D9D4F849
:10DBB000A8002344026893F88010926890470135CA
:10DBC000F0E7002084F88B0070BD0120FCE700BF67
:10DBD000586B0C009C6A0C00026B0C002DE9F041A4
:10DBE000044601F005FC002507462E4641F2883820
:10DBF00001F0FEFBC01B40450AD92F4B2F490122E3
:10DC00001A6020462A46FFF777FE5020BDE8F081D3
:10DC1000D4F8A80003681B6998470028E8D0D4F816
:10DC2000A80003685B699847C1B261555DB97E2958
:10DC30000ED0214B224901221A6022782046FFF79C
:10DC40005BFE5120E2E77D290BD1013DEDB20126BB
:10DC50000135EDB2802DCBD91A492046FFF74CFE95
:10DC6000EFE72EB12046FFF7D3FE00266055EFE721
:10DC70007E29EDD1D4F8903084F88A50A3B11249AE
:10DC8000124D2046FFF738FE94F88A20F3B29A42EC
:10DC900006D3E25C29462046FFF72EFE0136F3E765
:10DCA0000B492046FFF728FE94F88A30032B34BF37
:10DCB00051200020AAE700BF80DE0320A46A0C00E8
:10DCC000C46A0C00046B0C004D6C0C00EF6A0C0075
:10DCD000F76A0C0038B50446D0F8A8000368DB6981
:10DCE00098472046FFF73EFFD0B9642003F01CFEA2
:10DCF0002046FFF773FF98B994F88A50AB1EDBB249
:10DD00000122214620462544FFF7A2FE15F8012CEA
:10DD10009042034605D020460649FFF7EDFD51200D
:10DD200038BDE2781AB104492046FFF7E5FDE078F6
:10DD3000F6E700BF1A6B0C00426B0C0010B50446EE
:10DD400005F0A4FC04F07AFF05F0A0FC0349C4F838
:10DD5000AC00BDE8104004F06DBF00BFA08601001C
:10DD600008B580F88C1019B1BDE80840FFF7FABD7E
:10DD7000FFF7E4FF012008BD70B590F88B30044632
:10DD80006BB3D0F89030B3B11649174EFFF7B4FD1E
:10DD9000002594F88B20EBB29A4208D923443146EF
:10DDA00093F880202046FFF7A7FD0135F1E70F49E2
:10DDB0002046FFF7A1FDD4F8AC00692104F07CFFF8
:10DDC000D4F8AC0094F88B20036804F18001DB6880
:10DDD0009847D4F8AC0004F076FF002070BD012015
:10DDE000FCE700BF546B0C009C6A0C00026B0C003B
:10DDF0000878C043C0B2082342B2002A4FEA40006C
:10DE0000C0B211DB013B13F0FF03F5D14B78584052
:10DE1000082342B2002A4FEA4000C0B207DB013BB0
:10DE200013F0FF03F5D1704780F03100EAE780F08E
:10DE30003100F4E738B50023C0F88030C0F88430F2
:10DE4000A0F8883080F88B3010294BBA044615466C
:10DE5000A0F8803007D048F2050399420DD0022384
:10DE600084F88B3038BD0146032301F8823FFFF769
:10DE7000BFFF052384F88400F2E74FF49063A0F815
:10DE80008030130E80F88230130C80F8833000F15C
:10DE90008201FFF7ADFF2B0A84F8840084F88530F7
:10DEA00084F8865004F185012046FFF7A1FF08237E
:10DEB00084F88700D4E70000562970B504460D4663
:10DEC00007D190F8956026B92E49FFF715FD304629
:10DED00070BD94F88C2072BB95B92A46102120465B
:10DEE000FFF7A8FF2046FFF747FF002844D101268F
:10DEF00065BB84F895604FF47A7003F015FDE6E792
:10DF0000012D02D14FF48271E9E7D32D02D14DF2F8
:10DF10000431E4E7562D02D145F20761DFE7102D09
:10DF200002D141F20101DAE7112D01D00026CEE73E
:10DF300041F20311D3E7002229462046FFF794FD62
:10DF40000028F3D02046FFF7C5FECEE7012D03D110
:10DF500084F895000126BAE7D32DB8D194F88C3017
:10DF600084F895001BB9D4F8AC0004F067FE4FF4B8
:10DF7000FA6003F0D9FCEDE703492046FFF7BCFC4B
:10DF8000D4E700BF626B0C008C6B0C002DE9F347EB
:10DF9000174601F0FE0202EB5102002304460D4633
:10DFA00080F88A30D2B2D0F8AC00692104F07DFE4E
:10DFB0000DF104090026CA46D4F8AC0003681B69B9
:10DFC0005FFA86F89847002845D0D4F8AC0003687B
:10DFD0005B6998470136032E09F8010BECD15146D5
:10DFE0002046FFF705FF9DF806608642034606D0EF
:10DFF0002A4932462046FFF77FFC512018E094F86A
:10E000008A309DF80400E054991C0133DBB29DF87E
:10E010000520C9B284F88A10E25497B150EA02038D
:10E020000FD1D4F8AC0003681B69984718B90020D9
:10E0300002B0BDE8F087D4F8AC0003685B6998478C
:10E04000EFE7A942B4D394F88A30EBB914492046DB
:10E05000FFF752FCD1E7B8F1000FF4D01149324676
:10E060002046FFF749FC94F88A309DF80410E154EB
:10E070005A1CB8F1010FD2B21CBF9DF80510A15473
:10E08000434484F88A30DEE7AB42D0D020460649CC
:10E090002A46FFF731FC0120CAE700BFA06B0C0045
:10E0A000EB6B0C00D36B0C00056C0C00F7B5044651
:10E0B000CDE90021FFF760FEDDE9002105460646B7
:10E0C00030B115492046FFF717FC284603B0F0BDD4
:10E0D0002046FFF75BFFD4F890300546A3B10F4907
:10E0E0000F4F2046FFF708FC94F88A20F3B29A42BB
:10E0F00006D9E25C39462046FFF7FEFB0136F3E71E
:10E1000008492046FFF7F8FB002DDED006492A46D5
:10E110002046FFF7F1FBD8E7346C0C00496C0C008B
:10E12000EF6A0C00F76A0C00586C0C0037B500233E
:10E130000B60C1F8033090F88C2005460C469AB964
:10E140004FF451410192FFF775FE019A02212846D2
:10E15000FFF7ACFF2B7823706B786370012363713A
:10E160000423A37103B030BD1A46D121FFF77CFC14
:10E1700068B12846FFF7AEFD6B792370AB79637009
:10E180002B7AA370AB7AE370EB7A2371E6E7042075
:10E19000E8E713B569460446FFF7C8FF50B99DF894
:10E1A000003084F8A6309DF8013084F8A7300120B3
:10E1B00002B010BD0020FBE770B590F8A630044611
:10E1C0000E4615462BB194F8A630B34206D2002075
:10E1D00070BDFFF7DEFF0028F5D1F8E794F8A7300F
:10E1E000AB4234BF00200120F2E738B500220D46D3
:10E1F00002210446FFF7E0FF002849D0102D18D176
:10E2000094F896300BB1002038BD94F895302BB1BE
:10E2100001212046FFF750FEC8B1012384F8973052
:10E2200010212046FFF748FE88B1012384F896307C
:10E23000E9E7112D2ED194F89630002BE3D094F815
:10E240008C3033B929462046FFF736FE38B95120C5
:10E25000DAE7D4F8A8000368FF219B6898470A20F2
:10E2600003F062FB11212046FFF726FE0028EED0C6
:10E27000642003F059FB94F89730002184F896103D
:10E28000002BC0D02046FFF717FE0028BBD1DEE7E9
:10E290008820B9E70420B7E710B50022044640F211
:10E2A0000221FFF7C7FD002202212046FFF7FEFEF4
:10E2B00020B96078431E5842584110BD0020FCE749
:10E2C0002DE9F0410E4690F895100446B9B194F846
:10E2D0008C50DDB1002203212046FFF7C5FB00284A
:10E2E00000F089802046FFF7F5FC68B92279282ADA
:10E2F0007FD020464149FFF7FFFA012004E0FFF7F5
:10E30000DBFD0028E3D14320BDE8F0812F46204605
:10E310005FFA87F8FFF7C0FF90B100224FF4407119
:10E320002046FFF787FD94F8A31000222046FFF750
:10E33000BDFE0028E8D1B8F1030F08D15020E3E773
:10E340004FF47A70013703F0EFFA042FDFD128225F
:10E350000021304606F0CCFB20462946FFF7F0FAB4
:10E36000291DC9B286ED000AFFF7EAFA05F1080196
:10E37000C9B286ED010AFFF7E3FA05F10C0186ED5B
:10E38000020AC9B2FFF7DCFA86ED030A94F88C00A2
:10E3900018B994F8A330142BB6D905F11001204612
:10E3A000C9B2FFF7CDFA05F11401C9B286ED040A2E
:10E3B000FFF7C6FA05F11801C9B286ED050AFFF7A5
:10E3C000BFFA05F11C01C9B286ED060AFFF7B8FADB
:10E3D00005F12001C9B286ED070AFFF7B1FA24352D
:10E3E00086ED080AE9B2FFF7ABFA002086ED090ACC
:10E3F0008AE70525ABE7042086E700BF7F6C0C00A9
:10E40000014B01221A70704784DE032038B500F1F9
:10E4100008050446294600F0BDF9124B2360284642
:10E42000002500F01AFA84F8A85105F02FF94223CC
:10E4300084F8B031C4F8AC0105F0C0F8FF23A4F8AB
:10E44000E431094BC4F8C4511C60C4E96D05C4E94A
:10E450007355C4E97555C4E97755C4F8E8512046A9
:10E4600038BD00BFC86C0C0088DE032037B5D0F87B
:10E47000B831044683B90420F6F7C3FC054648B119
:10E4800002234FF40062CDE900320449044A2346D6
:10E49000F6F73AFDC4F8B85103B030BDA36C0C00D8
:10E4A000D5E60B00002280F8A821D0F8B4314A68E4
:10E4B0005A608A689A60CA68DA600A7C1A744A7C70
:10E4C0005A74704738B5044690F8B011D0F8AC01D2
:10E4D00004F0EEFBD4F8AC010368FD219B6898477B
:10E4E000D4F8AC01002104F0EAFB08B1002038BDEB
:10E4F00094F8B011D4F8AC010123022204F0C1FB5E
:10E50000C0B20228F2D1D4F8AC0103685B69984725
:10E510000546D4F8AC0103685B69984740EA0520DA
:10E5200080B2E4E72DE9F8430746884690F8B01139
:10E53000D0F8AC01154604F0BBFBD7F8AC0103687A
:10E54000FF219B689847D7F8AC01002104F0B7FB86
:10E5500018B14FF0FF30BDE8F8830446A54220D93A
:10E560002E1B202E28BF202604EB0609A5EB09024E
:10E570005342534197F8B011D7F8AC01324604F03A
:10E5800080FBC0B28642E4D144442644D7F8AC01B3
:10E5900003685B69984704F8010BA642F6D14C4624
:10E5A000DCE72846D7E7000010B50446FFF72EFF4A
:10E5B000014B2360204610BDB86C0C007047826888
:10E5C00010B50AB905F08AF8BDE81040C3681847CD
:10E5D0002DE9F04790F8A8718AB0044617BB00F106
:10E5E000080800F5DE76D4F8B40103681B69984783
:10E5F00000284DDDD4F8B40103685B699847C5B2C3
:10E600002946404600F008FCD4F8C4313843C7B26C
:10E61000002BE8D0D4F8C8318DF8085002A9304654
:10E620009847E0E7D0F8AC81404604F053FB204621
:10E63000FFF748FF2028064602D810B9002724E03B
:10E640002026324602A92046FFF76CFFB042F5D1E2
:10E6500002AD2E44002704F1080904F5DE7A15F80E
:10E66000011B484600F0D8FBD4F8C4313843C7B288
:10E670004BB115F8013C8DF807300DF10701D4F8C6
:10E68000C83150469847B542E9D1404604F02BFBCB
:10E6900057B1D4F8D851D4F8DC319D4204D0284683
:10E6A000FFF78DFF1035F6E70AB0BDE8F08738B503
:10E6B00004462046FFF78CFFD4F8CC51D4F8D03173
:10E6C0009D4204D02846FFF77AFF1035F6E700F0A8
:10E6D000CFFEEEE708B5FFF7EAFF70B5D0E90056C8
:10E6E0000446AE4204D02846F6F7F4FB1035F8E7AE
:10E6F000206818B1A168091AF6F787FB204670BD9B
:10E7000010B50E4B03600446D0F8E80120B100F0CC
:10E71000E7FE0023C4F8E83104F5EC70FFF7DDFFF5
:10E7200004F5E670FFF7D9FF04F5DE70F6F7D2FBCB
:10E73000204600F026F8204610BD00BFC86C0C0033
:10E7400010B50446FFF7DCFF20464FF4F671F6F7EC
:10E750005CFB204610BD000010B5034B036004466F
:10E76000FFF7CEFF204610BDB86C0C0010B5044674
:10E77000FFF7F2FF20464FF4F871F6F746FB20460C
:10E7800010BD704710B508210446F6F73EFB204641
:10E7900010BD0000014AC0E900217047D86C0C0090
:10E7A00013B50B460246D0E900016C4684E803002D
:10E7B00093E8030082E8030094E8030083E8030081
:10E7C00002B010BD034B01221A70034B034A1A60BA
:10E7D000704700BF90DE03208CDE0320E06C0C004D
:10E7E0000022C0E90F22C0E91322C0E91722C0E9C4
:10E7F0001B22028082808260027302824261027662
:10E800008283026280F824200285C26280F8302070
:10E81000426302874264A0F848204265A0F858206D
:10E820004266A0F868204267A0F87820C0E91F225D
:10E83000C0E92322C0E92722C0E92B22C0F88420A6
:10E84000A0F88820C0F89420A0F89820C0F8A42050
:10E85000A0F8A820C0F8B420704710B50446FFF710
:10E86000BFFF04F1B800FFF7BBFF022384F881313A
:10E870000023C4E96233C4E96433C4E96633A4F80D
:10E88000823184F88431A4F8703184F872312046E2
:10E8900010BDA1F14103052B02D8A1F1370070474B
:10E8A000A1F16103052B94BFA1F15700A1F1300044
:10E8B000704738B5057804462D2D08BF0134204631
:10E8C00006F0AEF864235843224614F8013BA3F146
:10E8D00030010929F8D92E2B0BD15378303B092B65
:10E8E00007D80A2101FB03009378303B092B98BF1E
:10E8F000C0182D2D08BF404238BD000038B5044671
:10E900000D4606F08DF86423B0FBF3F203FB12030F
:10E9100011482A80434320460278A2F13004092C92
:10E92000014600F10100F7D92E2A0BD10A480A242A
:10E9300011F8012F303A092A04D8B0FBF4F000FB9B
:10E940000233F5E703EB830301330322B3FBF2F356
:10E950006B6000232B7238BD8096980010B5C36998
:10E960004360036A836090F824300373836A036111
:10E97000C36A436190F830300376044600F038FDF6
:10E9800040F201136063238010BD0000000000000E
:10E99000D0B50023044643708068F5F783FC0CA3D0
:10E9A000D3E90023F5F722FE0646A0880F46F5F7C7
:10E9B00089FC0B46024639463046F5F737FB237B88
:10E9C00013B101F10043194641EC100BD0BD00BF5B
:10E9D0000000000065CDCD41D0B500230446437052
:10E9E0004069F5F75FFC0CA3D3E90023F5F7FEFDC2
:10E9F0000646208A0F46F5F765FC0B460246394667
:10EA00003046F5F713FB237E13B101F1004319469D
:10EA100041EC100BD0BD00BF0000000065CDCD4122
:10EA200010B583684360044600F0E2FC40F2011335
:10EA3000E060238010BD10B583684360044600F099
:10EA4000D7FC40F20113E060238010BD10B50446EE
:10EA50000846FFF72EFFA06010BD10B5044608461B
:10EA600005F0DEFFA06010BD002343704068642302
:10EA7000B0FBF3F203FB120000F5FA6080B27047BE
:10EA80000023437064234068B0FBF3F0B0FBF3F263
:10EA900003FB1200C0B2704700234370406842F28B
:10EAA0001073B0FBF3F0C0B2704700000023437056
:10EAB0004068024BB0FBF3F0C0B2704740420F0019
:10EAC00000234370406842F21073B0FBF3F06423FC
:10EAD000B0FBF3F203FB1200C0B270470023437097
:10EAE00064234068B0FBF3F0B0FBF3F203FB1200C9
:10EAF000C0B2704710B5C3688360044600F078FC6C
:10EB000040F201136060238010BD10B50446084632
:10EB1000FFF7CFFEE06010BD10B5C3688360044608
:10EB200000F066FC40F201136060238010BD10B558
:10EB30000446084605F074FFE06010BD10B50146BC
:10EB40000446103006F031F800F052FC40F2011398
:10EB50002062A38410BD102206F061B8F8B590F8C9
:10EB600071510446002D00F0888090F87211FFF773
:10EB700090FE94F8731102462046FFF78AFE94F83F
:10EB8000703100EB0210C0B283426ED1D4F89C31D8
:10EB90000133C4F89C3194F8843123B1D4F8943112
:10EBA0000133C4F8943194F88131E3B3012B2BD1B4
:10EBB00004F1F000FFF734FF04F58070FFF73BFF2E
:10EBC00094F8843104F1B8065BB13046FFF7C6FE15
:10EBD00004F58870FFF78EFF04F59070FFF78AFF49
:10EBE00005E084F8B83084F8103184F82031002131
:10EBF000084600F04DFC3146B822204605F050FF93
:10EC00000021012000F044FCD4F88C619EB3D4F8BC
:10EC10008C31B06A996AF6F7A7F860BB3046FFF707
:10EC20008DFF366BF2E704F58070FFF704FF94F870
:10EC3000843104F1B8068BB13046FFF78FFE04F53E
:10EC40009870FFF757FF04F5A070FFF753FF04F526
:10EC5000A870FFF761FF04F5B070BFE784F8B83023
:10EC600084F8303184F84031F1E7D4F89831013339
:10EC7000C4F8983100252846F8BD90F882216ABB77
:10EC800000F5B97660493046F6F76EF820B15F4975
:10EC90003046F6F769F898B9012384F88131D4F841
:10ECA0008831C4F88C31D4F88C71002FE3D0B86A65
:10ECB0003146F6F759F8002880F29F803B6BF0E769
:10ECC00053493046F6F750F820B152493046F6F72E
:10ECD0004BF808B90023E0E70223DEE790F8811142
:10ECE000022924D090F872310BB342EA4112013A62
:10ECF000282A1CD8DFE802F0153C434A4D666B72A7
:10ED0000771B7C1B1B1B1B1B1B1B1B1B1B1B1B1B96
:10ED10001B1B1B1B1B1B1B1B15353C434A4D545B0C
:10ED2000600000F5B97100F58070FFF78FFED4F830
:10ED30008C6104F5B977002E9DD0D4F88C31B06A7F
:10ED4000996AF6F711F8002895D1F26A94F88231A1
:10ED50009A4290DC03D139463046FFF7FCFE366B11
:10ED6000E9E7A3F141004342434184F88431DEE7FF
:10ED700000F1D40104F5B970FFF7C0FDD7E7A3F1A6
:10ED800053014B424B4180F8DC30D0E700F1E00109
:10ED9000F0E7A3F157025342534180F8E830C6E749
:10EDA00000F5B97100F58870FFF7AFFEBFE700F519
:10EDB000B97100F59070F7E700F5B971F030FFF721
:10EDC0004CFEB4E7302B94BF00230123CDE700F5C0
:10EDD000B97100F5A870FFF7AAFEA8E700F5B971B0
:10EDE00000F5B070E0E700F5B97100F59870DBE769
:10EDF00000F5B97100F5A070D6E73FF43CAF0023F1
:10EE0000C4F88C3137E700BFEA6C0C00F06C0C00E2
:10EE1000F66C0C00FC6C0C0038B5D0F8903124294D
:10EE200003F1010304460D46C0F890313AD090F842
:10EE3000833114D80A291CD00D291AD00D2B9FBF5D
:10EE40005A1C1B1984F8832183F8725194F87101BC
:10EE500098BB94F870114D4084F8705121E02A2934
:10EE600007D02C29EAD190F8702182F02C0280F88A
:10EE700070210E2B4FF0000005D8234483F8720157
:10EE80002046FFF76BFE94F88231013384F882311B
:10EE9000002384F88331A5F12A035D425D4184F8A3
:10EEA000715138BD00200223A4F8700184F881312B
:10EEB000A4F8820184F88401F3E70020F1E710B59B
:10EEC0000446207B04F034FB0128FAD010BD00007A
:10EED0007FB5144B00930446134B02930D4640F24A
:10EEE0000113002669460068ADF80C308DF8046007
:10EEF00000F020FF3146E07B04F001FB052000F02C
:10EF00006FFA2946206800F083FF052000F068FAB8
:10EF1000E07B012104F0F3FA206804B0BDE8704002
:10EF200000F0EEBE5C650C00004C1D0007EE901A70
:10EF300090ED020AF8EEE77A27EE800A70470000AB
:10EF4000F0B585B0154604460F46FFF7B8FF184BDD
:10EF50000093184B0293002640F201136946206883
:10EF6000ADF80C308DF8046000F0E4FE3146E07B33
:10EF700004F0C5FA052000F033FA47F0500120688C
:10EF800000F046FF3146206800F042FF2946206825
:10EF900000F03EFFE07B012104F0B1FA206800F0B0
:10EFA000AFFE642005B0BDE8F04002F0BDBC00BF7C
:10EFB0005C650C00004C1D0038B505460C460A4641
:10EFC0000321FFF7BDFF2C74C820BDE8384002F0D4
:10EFD000ABBC38B505460C460A460121FFF7B0FF29
:10EFE000AC74C820BDE8384002F09EBC7FB5044632
:10EFF0000E46FFF764FF184B0093184B0293002551
:10F0000040F2011369462068ADF80C308DF80450C9
:10F0100000F090FEE07B294604F071FA46F0100102
:10F02000206800F0F5FE2946206800F0F1FE05207A
:10F0300000F0D6F92068FF2100F0EAFE0121054624
:10F04000E07B04F05CFA206800F05AFE642002F0D5
:10F050006BFC284604B070BD5C650C00004C1D00C4
:10F0600008B50221FFF7C2FF00F0070008BD38B560
:10F070000D4600210446FFF7B9FFC3B265B923F07E
:10F08000020363752046627D0021FFF759FFBDE84A
:10F090003840642002F048BC012D08BF43F0020351
:10F0A000EFE7000030B585B0204B00930446204BBD
:10F0B0000293002540F2011369460068ADF80C3058
:10F0C0008DF8045000F036FE2946E07B04F017FA74
:10F0D0002046FFF7F4FE0121206800F099FE07208A
:10F0E00000F07EF92946206800F092FE294620763D
:10F0F000206800F08DFE29466076206800F088FECA
:10F10000637E227EA0761B0243EA024318431B0261
:10F1100048BF00F17F40E0610121E07B04F0EFF99E
:10F12000206800F0EDFDE06905B030BD5C650C00C5
:10F13000004C1D0000000000D0B504464068F5F703
:10F14000D3F802460B46F4F771FF00224FF07A53D2
:10F15000F5F722F90646E07C0F46F5F7A3F89FED98
:10F16000080B41EC110B04F063FC304653EC102B00
:10F170003946F5F73BFAF5F707FCA060D0BD00BFB4
:10F180000000000000000040F8B504462DED028BA1
:10F190001D46099B236000230846164621736360C1
:10F1A000A36000219DF82070B0EE408A04F096F92B
:10F1B00026B166730121304604F090F925B1A5739C
:10F1C0000121284604F08AF901213846E77304F04A
:10F1D00085F9002384ED018A2046E374FFF7ACFF34
:10F1E000BDEC028B2046F8BD38B504460021C07B3B
:10F1F00004F085F9607B68B1002104F080F9C82033
:10F2000002F092FB607B012104F079F94FF47A70EF
:10F2100002F08AFBA07B10B1012104F070F9206894
:10F2200000F048FDC82002F07FFB36226275002105
:10F230002046FFF785FEC82002F076FB012211462A
:10F24000A2742046FFF77CFE0025C82002F06CFB6C
:10F250002A46022120466574FFF772FEC82002F09C
:10F2600063FB2046FFF768FF8222227403212046B9
:10F27000FFF766FEC82002F057FBF0212046FFF79B
:10F2800027FEC82002F050FB84F8205038BD10B58E
:10F290000446C1740221FFF7A9FEE27C00F0F800E9
:10F2A00002F007020243627420460221FFF748FE83
:10F2B000C82002F039FB2046BDE81040FFF73CBFF4
:10F2C00008B5024B1B689B68019308BD68020300E8
:10F2D00008B5024B1B68DB68019308BD6802030098
:10F2E00008B5024B1B685B69019308BD6802030007
:10F2F00008B5024B1B681B68019308BD2C02030074
:10F3000008B5024B1B685B68019308BD2C02030023
:10F3100008B5024B1B689B68019308BD2C020300D3
:10F3200008B5024B1B68DB68019308BD2C02030083
:10F3300008B5024B1B681B69019308BD2C02030032
:10F3400008B5024B1B685B69019308BD2C020300E2
:10F3500008B5024B1B689B69019308BD2C02030092
:10F3600008B5024B1B68DB69019308BD2C02030042
:10F3700008B5024B1B681B6A019308BD2C020300F1
:10F3800008B5024B1B685B6A019308BD2C020300A1
:10F3900008B5024B1B681B6B019308BD2C020300D0
:10F3A00008B5024B1B685B69019308BD6C02030042
:10F3B00008B5024B1B689B69019308BD6C020300F2
:10F3C00008B5024B1B685B68019308BD1802030077
:10F3D00008B5024B1B689B68019308BD1802030027
:10F3E00008B5024B1B68DB68019308BD18020300D7
:10F3F00008B5024B1B685B69019308BD1802030046
:10F4000008B5024B1B689B6A019308BD18020300F4
:10F4100008B5024B1B685B6C019308BD1802030022
:10F4200008B5024B1B689B6C019308BD18020300D2
:10F4300008B5024B1B689B6D019308BD18020300C1
:10F4400008B5024B1B68DB6D019308BD1802030071
:10F4500008B5024B1B685B6E019308BD18020300E0
:10F4600008B5024B1B685B68019308BD48020300A6
:10F4700008B5024B1B68DB68019308BD4802030016
:10F4800008B5024B1B685B69019308BD4802030085
:10F4900008B5024B1B68DB69019308BD48020300F5
:10F4A00008B5024B1B681B6A019308BD48020300A4
:10F4B00008B5024B1B685B6A019308BD4802030054
:10F4C00008B5024B1B689B6A019308BD4802030004
:10F4D00008B5024B1B68DB6A019308BD48020300B4
:10F4E00008B5024B1B685B6B019308BD4802030023
:10F4F00008B5024B1B685B6C019308BD4802030012
:10F5000008B5024B1B689B6C019308BD48020300C1
:10F5100008B5024B1B68DB6C019308BD4802030071
:10F5200008B5024B1B685B6D019308BD48020300E0
:10F5300008B5024B1B68DB6E019308BD480203004F
:10F5400008B5024B1B681B6F019308BD48020300FE
:10F5500008B5024B1B685B69019308BD6402030098
:10F5600008B5024B1B681B6A019308BD64020300C7
:10F5700008B5024B1B689B6A019308BD6402030037
:10F5800008B5024B1B689B68019308BD3C02030051
:10F5900008B5024B1B68DB68019308BD3C02030001
:10F5A00008B5024B1B681B69019308BD3C020300B0
:10F5B00008B5024B1B685B69019308BD3C02030060
:10F5C00008B5024B1B689B69019308BD3C02030010
:10F5D00008B5024B1B68DB69019308BD3C020300C0
:10F5E00008B5024B1B681B6A019308BD3C0203006F
:10F5F00008B5024B1B689B6A019308BD3C020300DF
:10F6000008B5024B1B68DB6A019308BD3C0203008E
:10F6100008B5024B1B681B6C019308BD3C0203003C
:10F6200008B5024B1B681B68019308BD2802030044
:10F6300008B5024B1B68DB68019308BD2802030074
:10F6400008B5024B1B681B69019308BD2802030023
:10F6500008B5024B1B689B69019308BD2802030093
:10F6600008B5024B1B68DB69019308BD2802030043
:10F6700008B5024B1B681B6A019308BD28020300F2
:10F6800008B5024B1B685B6A019308BD28020300A2
:10F6900008B5024B1B689B6A019308BD2802030052
:10F6A00008B5024B1B68DB6A019308BD2802030002
:10F6B00008B5024B1B681B6B019308BD28020300B1
:10F6C00008B5024B1B685B6B019308BD2802030061
:10F6D00008B5024B1B681B6C019308BD2802030090
:10F6E00008B5024B1B689B6C019308BD2802030000
:10F6F00008B5024B1B68DB6C019308BD28020300B0
:10F7000008B5024B1B681B6D019308BD280203005E
:10F7100008B5024B1B689B69019308BD38020300C2
:10F7200008B5024B1B68DB69019308BD3802030072
:10F7300008B5024B1B681B6A019308BD3802030021
:10F7400008B5024B1B689B6A019308BD3802030091
:10F7500008B5024B1B681B6B019308BD3802030000
:10F7600008B5024B1B689B6B019308BD3802030070
:10F7700008B5024B1B681B68019308BD30020300EB
:10F7800008B5024B1B685B68019308BD300203009B
:10F7900008B5024B1B685B69019308BD300203008A
:10F7A00008B5024B1B68DB69019308BD30020300FA
:10F7B00008B5024B1B681B6A019308BD30020300A9
:10F7C00008B5024B1B685B6A019308BD3002030059
:10F7D00008B5024B1B689B6A019308BD3002030009
:10F7E00008B5024B1B689B6B019308BD30020300F8
:10F7F00008B5024B1B68DB6B019308BD30020300A8
:10F8000008B5024B1B681B6C019308BD3002030056
:10F8100008B5024B1B685B6C019308BD3002030006
:10F8200008B5024B1B685B6C019308BD74020300B2
:10F8300008B5024B1B681B68019308BD4C0203000E
:10F8400008B5024B1B685B68019308BD4C020300BE
:10F8500008B5024B1B689B68019308BD4C0203006E
:10F8600008B5024B1B681B69019308BD4C020300DD
:10F8700008B5024B1B685B69019308BD4C0203008D
:10F8800008B5024B1B689B69019308BD4C0203003D
:10F8900008B5024B1B68DB69019308BD4C020300ED
:10F8A00008B5024B1B681B6A019308BD4C0203009C
:10F8B00008B5024B1B681B6D019308BD6002030075
:10F8C00008B5024B1B685B6D019308BD6002030025
:10F8D00008B5024B1B68DB6E019308BD6002030094
:10F8E00008B5024B1B681B6F019308BD6002030043
:10F8F00008B5034B1B68D3F8D430019308BD000052
:10F900006002030008B5024B1B681B68019308BD29
:10F910002002030008B5024B1B685B68019308BD19
:10F920002002030008B5024B1B685B69019308BD08
:10F930002002030008B5024B1B68DB6A019308BD77
:10F940002002030008B5024B1B68DB6C019308BD65
:10F950002002030008B5024B1B685B6D019308BDD4
:10F960002002030008B5024B1B689B6D019308BD84
:10F970002002030008B5034B1B68D3F888300193BD
:10F9800008BD00002002030008B5034B1B68D3F834
:10F990009430019308BD00002002030008B5034B1A
:10F9A0001B68D3F8AC30019308BD000020020300AF
:10F9B00008B5034B1B68D3F8B030019308BD0000B5
:10F9C0002002030008B5024B1B685B68019308BD69
:10F9D0004002030008B5024B1B689B68019308BDF9
:10F9E0004002030008B5024B1B68DB68019308BDA9
:10F9F0004002030008B5024B1B681B69019308BD58
:10FA00004002030008B5024B1B685B69019308BD07
:10FA10004002030008B5024B1B689B69019308BDB7
:10FA20004002030008B5024B1B68DB69019308BD67
:10FA30004002030008B5024B1B681B6A019308BD16
:10FA40004002030008B5024B1B681B6B019308BD05
:10FA50004002030008B5024B1B685B6B019308BDB5
:10FA60004002030008B5024B1B681B6C019308BDE4
:10FA70004002030008B5024B1B685B6C019308BD94
:10FA80004002030008B5024B1B685B6D019308BD83
:10FA90004002030008B5024B1B689B6D019308BD33
:10FAA0004002030008B5024B1B685B68019308BD68
:10FAB0004402030008B5024B1B689B68019308BD14
:10FAC0004402030008B5024B1B68DB68019308BDC4
:10FAD0004402030008B5024B1B685B69019308BD33
:10FAE0004402030008B5024B1B68DB69019308BDA3
:10FAF0004402030008B5024B1B681B6A019308BD52
:10FB00004402030008B5024B1B681B6B019308BD40
:10FB10004402030008B5024B1B68DB6B019308BD70
:10FB20004402030008B5024B1B685B6C019308BDDF
:10FB30004402030008B5024B1B681B68019308BD13
:10FB40001C02030008B5024B1B685B68019308BDEB
:10FB50001C02030008B5024B1B689B68019308BD9B
:10FB60001C02030008B5024B1B685B6A019308BDC9
:10FB70001C02030008B5024B1B68DB6A019308BD39
:10FB80001C02030008B5024B1B681B6B019308BDE8
:10FB90001C02030008B5024B1B68DB6B019308BD18
:10FBA0001C02030008B5024B1B681B6C019308BDC7
:10FBB0001C02030008B5024B1B685B6C019308BD77
:10FBC0001C02030008B5024B1B68DB6C019308BDE7
:10FBD0001C02030008B5024B1B689B6D019308BD16
:10FBE0001C02030008B5024B1B68DB6D019308BDC6
:10FBF0001C020300002240681146FFF71BBF0022D1
:10FC000040681146FFF726BF40680022FFF71ABF81
:10FC10004068002281F00101FFF704BF0023406823
:10FC20001A461946FFF7F6BE002340681A461946E1
:10FC3000FFF7E8BE002240681146FFF7DBBE002256
:10FC400040681146FFF7C6BE406800220221FFF758
:10FC5000C9BE002340681A46FFF7B4BE024B032218
:10FC60005A60024A1A60704794DE03200C6D0C0043
:10FC70000B6803604B68436013B15A6801325A60E5
:10FC800070470000024B0022C3E900229A607047CF
:10FC90009CDE03200021FFF7BBBD0021FFF7B0BDB4
:10FCA00010B5044608462170FFF77AFD0023636013
:10FCB000204610BD13B504460078FFF7EEFF58B993
:10FCC000207801904FF6FF71FFF752FD019802B0C6
:10FCD000BDE81040FFF7DEBF02B010BD13B504460B
:10FCE0000078FFF7DAFF48B920780190FFF748FD68
:10FCF000019802B0BDE81040FFF7CCBF02B010BDC4
:10FD00000078FFF7C7BF0000400830B51860002436
:10FD100018688842E5B206D90134082C02D04008A0
:10FD20001860F5E70725024B5B5D137030BD00BF1F
:10FD3000486D0C002DE9F04306468FB000780C4664
:10FD4000FFF7ABFF00281BDB35781422002109A840
:10FD500004F0CEFE0B23002209A92846ADF824307A
:10FD6000FFF72EFD9DF82D3013B19DF82C5055B1A5
:10FD70000027B946B846012523795DB1C3B10020FB
:10FD80000FB0BDE8F083DDF830809DF834909DF829
:10FD90003570F1E7002B35D1A368434508D18DF8C4
:10FDA00020908DF82170BDF82020A3899A42E6D0DA
:10FDB0000023A1688DF80F300A9804AB0DF10F02F3
:10FDC000FFF7A2FF217985B989B9A36843450ED30E
:10FDD0008DF820908DF82170BDF82020A3899A42DB
:10FDE00005D1049B434502D1C9E70029F9D100237D
:10FDF0000193637B00939DF80F20237B3078FFF7FE
:10FE0000F7FCBCE7CDE900552B462A460121F5E772
:10FE100008B50078FFF7BCFCC0B208BD30B587B0AC
:10FE200004460A9D00950078FFF7D2FC3DB9207882
:10FE300002A9FFF7D5FC9DF81430DB07F7D407B013
:10FE400030BD002240681146FFF7F4BD0022406833
:10FE50001146FFF7FFBD40680022FFF7F3BD406881
:10FE6000002281F00101FFF7DDBD002340681A4642
:10FE70001946FFF7CFBD002340681A461946FFF721
:10FE8000C1BD002240681146FFF7B4BD00224068A2
:10FE90001146FFF79FBD406800220221FFF7A2BD77
:10FEA000002340681A46FFF78DBD0000024B062272
:10FEB0005A60024A1A607047A8DE0320586D0C0091
:10FEC00010B50446006818B1FFF73CFE002323601C
:10FED00010BD38B50C460546FFF7F2FF54B1208837
:10FEE000FFF728FE286028B122882146BDE8384067
:10FEF00004F0D6BD38BD38B5B1F904308380D1F8EF
:10FF00000630C0F806304B8943810C460546FFF7A2
:10FF1000D7FF236813B12B600023236038BD07B5DA
:10FF200000220346009211460220FFF741FD03B074
:10FF30005DF804FB07B50B46002102460091012045
:10FF40008C21FFF735FD03B05DF804FB014600206E
:10FF5000FFF7F0BF0020FFF7F9BF0000F0B52B4D11
:10FF60000B7D04468BB00846AF1D002B36D00B68C6
:10FF70001B79002B32D0264B0493002202A90430B7
:10FF8000CDE90222FFF70AFDDDF80E30C5F8063094
:10FF900000B2BDF81230ADF80C00A8800299BB8009
:10FFA0002846FFF796FF02A8FFF78AFF0023236089
:10FFB000A380A37123814FF6FF736381B5F90430E9
:10FFC000A380D5F80630C4F80630BB882968638161
:10FFD0002046FFF77EFF20460BB0F0BD0026202311
:10FFE000CDE902360B4B009302AA33460A49322070
:10FFF000FFF75EFC064B054802964FF6F26202A937
:02000002C0003C
:10000000CDE90323FFF777FFCDE700BFB0DE032084
:100010000000FFFF9B6D0C00946D0C00054B02224D
:100020001A60054B054A9A600020C3E90000FFF7FB
:1000300071BC00BFBCDE0320B0DE03200000FFFF68
:1000400010B50446F4F79AFE01382318204683427F
:1000500006D90278197800F8011B03F80129F6E7A0
:1000600010BD2DE9F041931E8CB0222B4FF0000300
:100070000D4614468DF82C3027D900282ADA2E4652
:100080002D2306F8013B40420A240DF12B074FF0C7
:1000900001082246014601A804F0DEFC029B0198FB
:1000A000092BCCBF3722302252FA83F307F80139EB
:1000B00008F101080028ECD14246791C304604F0D2
:1000C000EFFC28460CB0BDE8F0810A2AD5D018B163
:1000D0002E46DAE70A24FAE730238DF82B302E4635
:1000E0000DF12A074FF00208E6E770B50C46911EA5
:1000F00022291DD8254630B9234430229D4210D2F2
:1001000005F8012BFAE7B0FBF2F602FB1600C1B2CC
:10011000092894BF30315731C9B205F8011B304668
:10012000E9E7002320462B70FFF78AFF204670BDC9
:100130000020FCE738B5031E0C4615460EDAB3F175
:10014000004F4FF02D0214BF5842184601230A7089
:100150002A461944FFF7C9FF204638BD0123F9E7B5
:100160002DE9F14F57EC106B80460C4610EE100A4B
:10017000002200233946F4F781FB28B107F1004340
:100180001F462D2304F8013B00234FF001090A22EA
:10019000D9B2884503D902FB09F90133F8E748468B
:1001A000F4F790F832463B46F4F7F6F806460F4669
:1001B000F4F752FC8A4605468B46F4F7B7F8024638
:1001C0000B4630463946F3F72FFF144B0022F4F765
:1001D00069FB10B101354AF1000B4A462846D31796
:1001E0005946F4F721FC0123154621460A22FFF760
:1001F0007CFFB8F1000F0ED02046F4F7BFFD2E2390
:10020000211823540A2243460131284601B0BDE893
:10021000F04FFFF76ABF01B0BDE8F08F0000E03F8C
:1002200010B504460068FFF78DFC204610BD10B5E0
:100230000446006808B1FFF785FC0023C4E90133D8
:10024000236010BD38B504460D4600680131FFF744
:1002500081FC10B1C4E90005012038BD10B5036868
:10026000044623B143688B4201D3012010BD2046D0
:10027000FFF7E8FF0028F9D0A368002BF5D122682A
:100280001370F2E737B50D46114601920446FFF7A9
:10029000E5FF019A28B92046FFF7C9FF204603B0C1
:1002A00030BDA2602946206804F0FAFB2268A368EA
:1002B0000021D154F2E7002313B5C0E9003304460E
:1002C0008360037341B108460191F4F757FD01992A
:1002D00002462046FFF7D6FF204602B010BD38B5D3
:1002E000054600680C4670B16A688B689A4208D36C
:1002F000096831B104F059FCA368AB600023A36026
:1003000038BDFFF71FFC23682B6063686B60A36830
:10031000AB600023C4E90033F1E710B50023C0E966
:100320000033044683600373FFF7D9FF204610BDF6
:10033000884210B5044605D00B682BB18A6819466F
:10034000FFF7A0FF204610BDFFF771FFFAE710B5D9
:1003500000230446C0E9003383600373FFF7E8FF1E
:10036000204610BD884210B5044601D0FFF7B7FF04
:10037000204610BD884210B5044601D0FFF7AFFFFC
:10038000204610BD13B5044659B108460191F4F753
:10039000F5FC019902462046FFF774FF204602B0A3
:1003A00010BDFFF744FFF9E770B50D468AB0002194
:1003B0000446C0E900111646816001731E2202A89E
:1003C000019104F095FB324601A92846FFF749FE4A
:1003D00001A92046FFF7D6FF20460AB070BD70B5D0
:1003E00010EE106A8AB00D4600211D220446C0E9B5
:1003F00000118160017302A8019104F079FB30467D
:10040000F3F772FFEDB241EC100B01A92846FFF79C
:10041000A7FE01A92046FFF7B5FF20460AB070BD30
:10042000F8B5044616460F4609B90020F8BD8AB152
:10043000856815442946FFF711FF0028F5D0A36809
:10044000206832461844394604F02AFB236800220B
:100450005A55A5600120E9E78A680968FFF7E0BFFF
:1004600007B50023ADF8043001228DF8041001A96E
:10047000FFF7D6FF03B05DF804FB10B58A68096882
:100480000446FFF7CDFF10B92046FFF7D0FE204607
:1004900010BD13B5044629B92046FFF7C8FE204613
:1004A00002B010BD08460191F4F768FC01990246BC
:1004B0002046FFF7B5FF0028EED0F0E702460068BF
:1004C0000B4660B139B9916839B100787047187836
:1004D00040B140427047F4F747BC084670470029D6
:1004E000F5D10846704710B5134684688A68A41A87
:1004F0009C420AD3006838B1096841B1184404F03D
:100500007AFBB0FA80F0400910BD0020FCE70846F5
:10051000FAE782688B689A4202D30022FFF7E3BFB2
:100520000020704710B58368934206D90468A0186C
:1005300004F024FB08B1001B10BD4FF0FF30FBE7B7
:100540000022FFF7EFBF0000F8B59A420F461D46A4
:100550000C4988BF13461446064684BF2C461D46E8
:10056000FFF7A9FEBB68A3420AD33968AB4294BF28
:10057000C4EB0302C4EB050221443046FFF782FEC0
:100580003046F8BD036B0C0010B504468B68FFF7CE
:10059000DBFF204610BD2DE9F0410668054606B395
:1005A0008468F4B1B046474618F8010B04F04CFAE1
:1005B0000028F8D1013C3444207804F045FA18B101
:1005C000A74201D8013CF7E7621CD21BBE42AA60D9
:1005D00003D23946304604F063FA2A68AB6800213A
:1005E000D1542846BDE8F081006808B104F018BA7B
:1005F000704700000EB470B587B00BAD044655F8D7
:10060000042B01922B46052104A80395FFF7AAFAB3
:100610000B4906462046FFF74EFE31462046FFF7BF
:100620001DFE206830B1019A03952B46711CFFF71F
:1006300099FAA060204607B0BDE8704003B070474B
:10064000036B0C0010B54368013B0446436063B97B
:1006500003689B689847A368013BA3602BB9236894
:100660002046DB68BDE81040184710BD70B5D0E9E2
:100670000053044605EB0316AE4204D02846FFF7AC
:10068000CFFD1035F8E72068FFF75CFA204670BD13
:10069000024800230360FEF72BBF00BFC0DE03202B
:1006A00010B5044680680368DB689847E36818441F
:1006B000E06010BDF8B506460D468F180024BD4217
:1006C0000CD0336815F8011B9B6830469847031E11
:1006D00001DB1C44F3E7002C08BF1C462046F8BD94
:1006E000704710B510210446F4F78FFB204610BD6B
:1006F00013B50446084659B10191F4F73FFB23684E
:100700000199DB680246204602B0BDE81040184758
:1007100002B010BD08B5FFF7EBFF08BD03689B688A
:10072000184708B5FFF7E4FF08BD38B50D210546A9
:10073000FFF7F4FF0A2104462846FFF7EFFF2044A5
:1007400038BD38B50546FFF7D3FF04462846FFF706
:10075000ECFF204438BDFFF7F4BF30B58BB0002369
:10076000012A8DF8243098BF0A2209AC0D46B1FB4E
:10077000F2F101FB125303F0FF03092B94BF303356
:100780003733DBB2AA4204F8013DEFD92146FFF727
:10079000AFFF0BB030BD2DE9F04186B000AF05468C
:1007A0000E46381D142114463B60FFF7DBF9132871
:1007B0000ED8391D2846FFF79BFF04461EB1284678
:1007C000FFF7B3FF044420461837BD46BDE8F0816B
:1007D00000F1080323F00703E846ADEB030D2246C2
:1007E000411C3B686846FFF7BDF969462846FFF79C
:1007F0007FFF0446C546E1E710B50446FEF7F8FD65
:10080000E060236820465B699847002808DAFEF715
:10081000EFFDE368C01AA3689842F2D34FF0FF30AF
:1008200010BD2DE9F04107460C468E180D46B54225
:10083000A5EB040807D03846FFF7DEFF031E02DBF6
:1008400005F8013BF3E74046BDE8F08170B50D4681
:10085000094904461646FFF72EFD2846FFF7CCFF50
:10086000002806DB864204D0C1B22046FFF7F8FD1F
:10087000F3E7204670BD00BF036B0C0070470846CD
:1008800011B10B685B681847704770477047704735
:1008900038B504460D4600682E2104F07CF9236823
:1008A000C31A2B6023B1037803B1013023682060A1
:1008B000184638BD10B504210446F4F7A6FA2046C0
:1008C00010BD10B504210446F4F79FFA204610BD70
:1008D000FEF71EBE08B5F4F747FAB0FA80F04009FB
:1008E00008BD704710B50C4601F046FE844210D09A
:1008F00002F064FE844205D102F060FEBDE81040C3
:1009000002F037B92CB1236820465B68BDE810407F
:10091000184710BD13B5044608460191F4F72EFAA6
:1009200001990246204602B0BDE8104002F012B81C
:1009300013B5044608460191F4F720FA236801999B
:10094000DB680246204602B0BDE81040184707B5F4
:1009500003688DF80710DB6801220DF10701984745
:1009600003B05DF804FB00002DE9F74FD0E90084E7
:100970004FF0140A00930AFB04F4184BA410174616
:100980005C434546002C21DD66100AFB06F005EBB2
:1009900000093A46B9F804B0285801915F4528BFCC
:1009A0005A4604F028F9002801994FF001030BD1B1
:1009B0005F4503D1009A13703446E3E7FCD9A61BC8
:1009C00009F11405013EF7E7F9DBF5E7A5EB0805AA
:1009D0000248AD10684303B0BDE8F08FCDCCCCCC5D
:1009E0007FB50369057E019103B3F9B1002600F1DB
:1009F0000C04039603A901A8FFF74AFF0146A8B11A
:100A00000DF10B03039A8DF80B602046FFF7ACFF46
:100A10009DF80B3053B12368142404FB00340834D0
:100A200034F9023C002BA8BFDDB2E3E7284604B04E
:100A300070BD0EB4F0B58CB000AF07F144050446AC
:100A400055F8042B7A602B46202107F11000FD6039
:100A5000FFF788F81F287A681AD900F1080323F0F5
:100A600007036E46ADEB030D411C2B466846FD6047
:100A7000FFF778F8021E04DD23686946DB6820462C
:100A80009847B5463037BD46BDE8F04003B07047E3
:100A90000028F7D023680246DB6807F110012046E2
:100AA0009847EFE710B5094C2378BFF35B8FDB075E
:100AB00009D42046FFF78EF828B12046FFF792F8B8
:100AC000034803F0A7FF034810BD00BFC8DE0320A2
:100AD0008B080C00C4D3032010B5094C2378BFF356
:100AE0005B8FDB0709D42046FFF774F828B1204656
:100AF000FFF778F8034803F08DFF034810BD00BFEF
:100B0000CCDE0320E3080C00C8D3032038B5002551
:100B10000446C0E90055C0E904558560856140F888
:100B2000245FFEF7E5FCFFF7BDFFE061FFF7D4FFB0
:100B300025732062204638BD10B50A4C2378BFF3D8
:100B40005B8FDB070CD42046FFF744F840B1064822
:100B5000FFF7DCFF2046FFF745F8044803F05AFF93
:100B6000014810BDC4DE0320D4DE0320B1100C0008
:100B7000024A034903480023FEF7B2BE950E0C005B
:100B8000210E0C00A10D0C0000231A461946184630
:100B9000FEF7A6BE37B58D6804466846FFF768F8CD
:100BA0006A462946204601F0F5FD01A8F5F76AFCE2
:100BB000204603B030BD37B5CD6804466846FFF720
:100BC00057F86A462946204601F0C0FD01A8F5F70E
:100BD00059FC204603B030BD37B50D690446684660
:100BE000FFF746F86A462946204601F058FD01A85D
:100BF000F5F748FC204603B030BD000070B58AB060
:100C00000D46014604A8FFF7C5FF144E04A801F0E5
:100C1000D9FDE8B104A96846FFF7CDFF0298314637
:100C2000FFF758FE044610B12C1E18BF012401A87E
:100C3000F5F728FC002CE9D004A96846FFF7CCFFA3
:100C4000684601F062FD286001A8F5F71BFCDDE7AE
:100C500005A8F5F717FC0AB070BD00BFE46D0C00E5
:100C600037B50C46204613491546F4F77DF850B9C0
:100C700001F082FC4FF4165101F06EFC03B0BDE8A8
:100C8000304001F079BC0C492046F4F76DF878B992
:100C90004FF4165301A928460193FFF7AFFF02F066
:100CA0008DFC019901F062FF02F088FC03B030BDB9
:100CB0000020FBE7E96D0C00F06D0C0070B5D0E989
:100CC00000531426044606FB0356AE4205D005F138
:100CD0000800FFF7F3FF1435F7E72068FEF732FF4F
:100CE000204670BD10B504460C30FFF7E7FF2046E4
:100CF000FFF7BCFC204610BD10B5044B044640F87D
:100D0000043BFFF7EFFF204610BD00BFD44D0C00A1
:100D100010B50446FFF7F0FF20462421F4F775F8DC
:100D2000204610BD10B5034B03600446FFF7E4FFF7
:100D3000204610BD746E0C0010B50446FFF7F2FF9C
:100D400020462421F4F761F8204610BD0A680260AD
:100D50004A6842600022C0E9022210B502618C6834
:100D60008460CC68C4600C698A60CA6004610A61EE
:100D700010BD0022C0E9002210B582600C6804603A
:100D80004C6844608C680A604A6084608A6010BD68
:100D900010B5036804461868FEF7C2FB204610BD74
:100DA0002DE9F04F87B0804603931C4B5B68C3F37B
:100DB0000803894616466BB9FFF7BEFE044600F1EC
:100DC0002403406A0593FFF783FD237B2BB105A81D
:100DD000FFF7DEFF07B0BDE8F08F01232373D4E9EE
:100DE00000535FFA89F905EB830AAA4512D055F83A
:100DF000047B3146381DFFF7F3FD8145F5D33B6891
:100E0000039A0092D3F808B04A4633464146384622
:100E1000D847EAE700232373D9E700BF00ED00E0DD
:100E20002DE9F74F9B461A4B5B68C3F308038046D6
:100E3000894616466BB9FFF77FFE044600F124038E
:100E4000406A0193FFF744FD237B2BB101A8FFF714
:100E50009FFF03B0BDE8F08F01232373D4E9005353
:100E6000F6B205EB830A55450ED055F8047B59467A
:100E7000381DFFF7B5FD8642F5D33B684A46DB686F
:100E8000414638469847EEE700232373DEE700BF6C
:100E900000ED00E02DE9F341164B5B68C3F3080356
:100EA00005460F461BBBFFF747FE00F1240304462F
:100EB000406A0193FFF70CFDD4E90063462406EB7A
:100EC0008308B04509D101A8FFF762FFA542B4BF6E
:100ED0000020012002B0BDE8F08156F8040B39462D
:100EE0000430FFF77DFD8442A8BF0446E9E70020F7
:100EF000F0E700BF00ED00E0F8B5D0E901539D42F6
:100F000004460E460DDB6F1C002F006804DDB9009F
:100F1000FEF720FE18B9F8BDFEF714FE0020206091
:100F2000A7602768626807EB85019200A2EB850243
:100F3000081D03F0C3FD47F8256063680133636053
:100F40000120E8E737B500F124030446406A019325
:100F50000D46FFF7BDFCD4E9003203EB8202934259
:100F600019460BD00968A94203F10403F7D101A87F
:100F7000FFF70EFF0025284603B030BD2946204666
:100F8000FFF7BAFF05460028F1D06368012B01D1B5
:100F9000FFF7EEFD01A8FFF7FBFEECE770B5044696
:100FA000D0E900020B4600EB820282420FD00146DC
:100FB0001D6851F8046BAE4207D1521A03F07EFD52
:100FC0006368013B6360012070BD0846EDE70020C7
:100FD000FAE71FB500F124030446406A0191039328
:100FE000FFF776FC01A92046FFF7D8FF18B1636828
:100FF0000BB9FFF7C9FD03A8FFF7CAFE04B010BD87
:1010000070B5D0E904561823044603FB0656AE42D9
:1010100015D005F110012046FFF7C0FF63680BB93A
:10102000FFF7B2FDE06929690368DB6898476969E1
:1010300019B1206A0368DB6898471835E7E7D4E9F7
:101040000453182606FB0356AE4204D02846FFF789
:10105000E7F81835F8E70023636170BD73B50446FF
:10106000FFF792FD04F12403606A0193FFF730FC5F
:101070002046FFF7C5FF01A8FFF78AFE606A08B1A6
:10108000FEF73EFAD4E90453182606FB0356AE4297
:1010900004D02846FFF7C4F81835F8E72069FEF7B2
:1010A00051FD2068FEF74EFD204602B070BD0000E5
:1010B0000148FFF7D3BF00BFD4DE03208842F8B554
:1010C00004460D46164615D9904214D2A2F11406D4
:1010D000751AA1F114072C44B7421AD01CB131463D
:1010E0002046FFF733FE06F10800FFF7E7FD143E48
:1010F000143CF1E70DD0B5420BD01CB12946204677
:10110000FFF724FE05F10800FFF7D8FD143514346D
:10111000F1E7F8BD8842F8B504460D46164614D9E5
:10112000904213D2A2F11006751AA1F110072C44B7
:10113000B74218D01CB131462046FFF7EEF83046D2
:10114000FFF76EF8103E103CF2E70CD0B5420AD023
:101150001CB129462046FFF7E0F82846FFF760F863
:1011600010351034F2E7F8BD70B50E1E054611DDDE
:101170003001FEF7DFFC044658B1D5E9001201EB5F
:101180000212FFF7C7FF2868FEF7DCFC2C60AE6098
:10119000012070BD0024F6E72DE9F04F904695B090
:1011A00000230391D8F804100A9346229942C0E91B
:1011B0000033C0E90233C0E90433CDE90833044603
:1011C000027623DCD8E90057142303FB0757AF420C
:1011D0003BD029460BA8FFF7A0F80BA90FA8099E42
:1011E000FFF79BF8DDE9091399421BDA089B099A7E
:1011F00003EB061603EB0212314606F11000FFF76F
:1012000089FFEEB9099B0133099311E008A8FFF7A4
:10121000ABFF0028D6D108A8FFF728FA204615B062
:10122000BDE8F08F013108A8FFF79EFF0028DDD14F
:101230000FA8FEF7F5FF0BA8FEF7F2FF1435C6E77F
:101240000FA93046FFF769F8DCE70026CDE90B6609
:101250000D964FF01409DDE908239E427CDA330134
:10126000D35806930BB90136F5E70023079309FB22
:1012700006F302930BAD07A906A8FFF709FB824608
:101280000028F0D04FF000038DF817300146079A80
:101290000DF117032846FFF767FB9DF817700190C3
:1012A000002F4AD1BDF81C30ADF84030CDE91177A0
:1012B0004FF6FF73CDF83CA0ADF842301397D5E957
:1012C0000132934217DB03F1010ABAF1000F30DD5E
:1012D00009FB0AF0FEF72EFC834660B3D5E9001245
:1012E00009FB0212FFF7EAFE2868FEF72BFCC5F89F
:1012F00000B0C5F808A02B68019A09FB023A6A6899
:10130000514609FB02320AF11400FFF7D7FEBAF189
:10131000000F03D00FA95046FFF718FD6B6801338B
:101320006B6011A8FFF7CAFC3FB10BA8FFF7C6FC22
:1013300071E7BB46D8E70127F3E7019B2D6809FB5E
:101340000355069B1B782BB9D8F80030029A13443A
:101350001B7CEB8008358EE7216822606268636041
:10136000A36809920A9A0A93E368A2600B9A0B9306
:101370002369E2600C9A0C93636922610D9A0D93C4
:10138000039B089162612376CFE70000F0B5044625
:1013900087B00D462646194668461746F3F765FEA0
:1013A0000B4B46F8043B694603A8F3F75EFE03AA1D
:1013B00039463046FFF7F0FE03A8F3F715FE6846FE
:1013C000F3F712FE034B23602046256207B0F0BD01
:1013D000D44D0C005C6E0C00F0B50F4685B01D4975
:1013E0000A9C384616461D46F3F7BEFCC0B9A4B1A8
:1013F000294601A8FFF7BDFC1749242002F06AF92D
:10140000054630B101AB32462146FFF7BFFF134B13
:101410002B6001A8F3F7E8FD2C46204605B0F0BD8F
:101420000F493846F3F7A0FC90B9002CF5D02946B7
:1014300001A8FFF79EFC0849242002F04BF905465D
:101440000028E6D001AB32462146FFF79FFFE0E7D8
:101450000024E2E7F86D0C00F8700C00746E0C00CC
:10146000FC6D0C00014B024A1A607047D0DE03206D
:101470000D6E0C002DE9F047089DD0F82090044631
:101480000E461746984601F077F881454CD02B79E7
:10149000190704D56A6954492046FFF7CAFAB8F11A
:1014A000000F0DD05B212046FFF751FA4146204640
:1014B000FFF73EFA23684D49DB6802222046984731
:1014C0002B79DA0723D5D5F808802F21404603F081
:1014D000B9FB08B100F1010841462046FFF728FAA0
:1014E0002B799B0708D53A212046FFF730FAEA68A6
:1014F0003F492046FFF79DFA2A79236812F0040F2E
:10150000DB6814BF3B493C490222204698472B79AF
:1015100058071DD529690B461A4613F8010B60B10F
:10152000202808D11946F7E7344801F0F2FE0028D8
:10153000ADD0BDE8F0872828EED12368521ADB68C9
:101540002046984723682E49DB68042220469847A6
:1015500000213846FEF7BCF901462046FFF7E8F9BE
:1015600023682549DB680222204698471EB1314690
:101570002046FFF7DDF92B7913F0300F2CD02368CC
:101580002049DB680222204698472B79D9060AD5E4
:1015900023681D49DB68072220469847AA691B4932
:1015A0002046FFF746FA2B799A0611D5DB0605D5BA
:1015B00023681049DB6802222046984723681449B3
:1015C000DB6820460A229847E9692046FFF7B0F910
:1015D0005D212046FFF7BBF923680E49DB682046F2
:1015E0000222BDE8F0471847116E0C00186E0C007F
:1015F00029630C001B6E0C00975F0C00B4DF032006
:101600001E6E0C00236E0C00266E0C002E6E0C005D
:10161000316E0C003C6E0C002DE9F0410446076A67
:101620000D46164600F0A8FF874207D0206A0368DF
:1016300032462946DB68BDE8F0411847034801F00F
:1016400068FE0028F2D0BDE8F08100BFB4DF0320BF
:101650002DE9F04385B0D0F820900C9C05460F464C
:1016600090461E4600F088FF814505D1494801F0AB
:1016700050FE002840F08A802B6A474A00924FF0C3
:1016800000096846CDE902398DF8049001F0C3F8ED
:1016900049464046FEF71CF940498046012268460B
:1016A00001F048F94146FFF735F93FB13C490122C5
:1016B000684601F03FF93946FFF72CF93EB1394948
:1016C0000122684601F036F93146FFF723F9237904
:1016D000DF070ED5A6682F21304603F0B3FA00B11C
:1016E000461C31490122684601F024F93146FFF7D2
:1016F00011F923799E0707D52C490222684601F08B
:1017000019F9E16801F094F82379580714D526698E
:1017100033461F4613F8012B2AB1202A01D11E4659
:10172000F7E7282AF5D122490222684601F002F99A
:10173000BA1B314601F00EF92379190707D51D4967
:101740000122684601F0F6F8616901F083F8237917
:10175000DA0607D518490422684601F0EBF8A169BA
:1017600001F066F823799B0607D5144906226846DE
:1017700001F0E0F8E169FFF7CDF8684601F035F8CF
:10178000286A0F4903680222DB68984705B0BDE864
:10179000F08300BFB4DF0320D46D0C00EE6D0C00AD
:1017A0003F6E0C009A720C00F8610C00416E0C0048
:1017B000446E0C00BD520C00476E0C004C6E0C00C9
:1017C0003C6E0C002DE9F041154ADFF86080D2E94B
:1017D0000063801943EB0101124BD3E90067D8E99C
:1017E0000023861941EB0707BB4208BFB2428CB009
:1017F00013D003A96846CDE90067FEF7E3F9089B1B
:10180000094D03F26C7303AC08930FCC0FC50FCCDA
:101810000FC5C8E9006723682B600CB0BDE8F081F4
:1018200030DF032028DF032000DF032038DF032020
:1018300008B50020FEF766F928B1FEF74BF980F0F5
:101840000100C0B208BD0120FCE7000008B5FFF7A9
:10185000B9FF024B1869013008BD00BF00DF03204B
:1018600010B50020FDF7E4FD0446A0B9FEF74AF8E4
:10187000012810D12046FEF775F860B9FFF7D8FFB0
:1018800010B9FEF717F9F9E7FFF7D2FFBDE81040EE
:101890000020FDF7CDBD204610BD1FB5FFF7E0FFCE
:1018A00010220021684603F023F900216846FDF765
:1018B000CFFD009805B05DF804FB000008B5FFF708
:1018C000ECFFC117FFF77EFF014B986808BD00BF12
:1018D00000DF032008B5FFF7E0FFC117FFF772FF35
:1018E000014B586808BD00BF00DF032008B5FFF7B3
:1018F000D4FFC117FFF766FF014BD86808BD00BFD2
:1019000000DF032008B5FFF7C8FFBDE80840C11796
:10191000FFF79CBF024B1A68024B1A60704700BF6A
:10192000CCD30320FCDE03200021FDF7FBBF000029
:1019300010B5044B03600446806908B1FEF782FECF
:10194000204610BD5C700C0010B50446FFF7F0FF98
:1019500020461C21F3F759FA204610BD014B002206
:101960009A60704740DF03207047007B7047037B1D
:101970004BB10369B3F1004F05D08069B0F100406D
:1019800018BF012070470020704703681B6A184782
:1019900010B520210446F3F738FA204610BD0000A8
:1019A000037B7BB14369002B0CDB07EE903A9FED84
:1019B000077AF8EEE77A87EE870ADFED057A20EE00
:1019C000270A7047BFEE000A704700BF00FF7F473D
:1019D0000000C842037B63B10369B3F1004F08D034
:1019E00007EE903A9FED047AF8EEE77A87EE870AE1
:1019F00070479FED020A70470000C84200000000D7
:101A0000037B7BB1C369002B0CDB07EE903A9FEDA3
:101A1000077AF8EEE77A87EE870ADFED057A20EE9F
:101A2000270A7047BFEE000A704700BF00FF7F47DC
:101A30000000C842037B63B18369B3F1004F08D053
:101A400007EE903A9FED047AF8EEE77A87EE870A80
:101A500070479FED020A70470000C8420000000076
:101A600070B50C1E06460ADA2D21FEF757FE6142BC
:101A700005460A223046FEF770FE284470BD214616
:101A80000025F6E72DE9F84F55EC104B07460E46BA
:101A900010EE102A10EE100A2B462946F2F716FF18
:101AA00028B14C493846BDE8F84FFEF733BE25F063
:101AB0000049494B4FF0FF3220464946F2F706FFF6
:101AC00048B9454B4FF0FF3220464946F2F7E0FE59
:101AD00008B94249E6E7424B4FF0604220462946AA
:101AE000F2F7EAFE08B13F49DCE73F4B4FF06042B6
:101AF00020462946F2F7C2FE0028F4D10022002336
:101B000020462946F2F7BAFED0B12D213846FEF71D
:101B100005FE05F1004382461D463449DFF8D490A6
:101B20004FF0000B00204FF000085FFA8BF39E424D
:101B300008D942464B46F2F759FD0BF1010BF4E789
:101B40008246EAE702460B4620462946F2F76EFA3D
:101B50000D460446F2F7F8FE8046F2F7A3FB024674
:101B60000B4620462946F2F75FFA0A2204460D4644
:101B700038464146FEF7F1FD82443EB31C49DFF88A
:101B800074903846FEF7C6FD4FF000088244EEB16F
:101B900042464B4620462946F2F7FEFB0D460446D8
:101BA000F2F7AAFE014683463846FFF759FF824402
:101BB0005846F2F787FB02460B4620462946F2F7C5
:101BC00033FA013E04460D46F6B2E0E75046BDE862
:101BD000F88F00BFD06E0C00FFFFEF7FD46E0C00BB
:101BE000FFFFEF41D86E0C00FFFFEFC10000E03FA8
:101BF000095C0C000000244070B503681B690C46AA
:101C00000546984710EE100AF2F76EFB41EC100BF8
:101C100002212046FFF736FF2C2106462046FEF71C
:101C20007DFD2B6806449B692846984710EE100AF4
:101C3000F2F75AFB41EC100B02212046FFF722FF7E
:101C4000304470BDA0F10400FFF7D6BF30B50D469B
:101C500000F108040FCD0FC495E8030084E80300E9
:101C6000012030BD006801F035B810B504460160B0
:101C700002710AB1FFF7F6FF204610BD13B5044606
:101C8000019101F003FD019A01462046FFF7EDFFA7
:101C9000204602B010BD0000014B1860704700BF25
:101CA000D4D3032008B50B4B43B100F065FC0368A7
:101CB0001B699847002801DDF5F752FB064B43B13D
:101CC00001F07CFC03681B699847002801DDAFF335
:101CD000008008BD61730B000000000008B5FFF72D
:101CE000E1FFFDF785FB014B186008BDD4DF032041
:101CF0000548064A064908B5121A02F0D1FE054BFE
:101D0000054A1A6008BD00BF00F4032018F4032040
:101D1000B8740C0014F403201E1C279A07B5002386
:101D200000931A466FF07701FDF72EFE03B05DF8C1
:101D300004FB000007B543880A2B08D0502B0BD1B9
:101D4000094B1B684BB103B05DF804EB1847FFF774
:101D5000E5FF03B05DF804FB002300931A466FF023
:101D60007701FDF711FEF4E754DF032010B51248A8
:101D70000021FDF71FFF114B1A68114B9A42114BBE
:101D80000CBF012200221A7001D0FFF7B1FFFDF74E
:101D900017FB044602F0C4FE0B4B13B12046AFF311
:101DA000008000210848FDF7B5FEBDE81040074857
:101DB0000021FDF7DFBD00BF991C0C0014F40320C7
:101DC0001E1C279A50DF032000000000351D0C0068
:101DD00070470020704710B510210446F3F715F83E
:101DE000204610BD08B5FFF7F6FF08BD30B500224C
:101DF0004FF69C74026084808D888C800C6885808E
:101E000004600A6030BD10B504460068FDF79AFE14
:101E1000204610BD38B5C468F4B12378022B03D135
:101E200004F10C00FFF7EFFF656835B12846F3F7C2
:101E300051F810212846F2F7E8FFA56835B1284689
:101E4000F3F748F810212846F2F7DFFF2046142167
:101E5000BDE83840F2F7D9BF38BD002242810C22DC
:101E600002800A6882700A7AC2704A6842604A7ABE
:101E700002728A7A4272704710B588B0044668468A
:101E8000FEF719FA694604A8FEF761FA04A8A0470C
:101E9000044604A8FEF7C4F96846FEF7C1F92046D7
:101EA00008B010BD1FB50023CDE902010192102436
:101EB0001A4669461846ADF80230ADF80040FDF705
:101EC000F1FD04B010BD1FB5014601A8FFF7C5FF25
:101ED0000021FDF727FE05B05DF804FB0B680360E9
:101EE0004B68436013B15A6801325A60704737B586
:101EF000044668460D46FFF7F1FF009B019A2360F8
:101F00006260002301A801930093F4F7BBFA35B196
:101F1000281DF4F7B7FA08212846F2F776FF204685
:101F200003B030BD826810B50AB901F0D7FBBDE837
:101F30001040C368184708B5006800F11001FFF7AA
:101F4000F1FF08BD826810B50AB901F0C7FBBDE812
:101F50001040C368184708B5006800F11001FFF78A
:101F6000F1FF08BD38B500230446036010200D467C
:101F7000F2F747FF28B10123C0E90133024B0360A8
:101F8000C5602060204638BD206F0C007FB5054637
:101F9000ADF804100026694602A80096FFF726FF58
:101FA0001420F2F72EFF044648B1022303700123E8
:101FB000C0E90166437002A90C30FFF717FF2846FD
:101FC000214640F8044BFFF7CDFF02A8FFF71BFFA7
:101FD0006846FFF718FF284604B070BD38B50023E7
:101FE00083608B6804460D462BB102229847EB684C
:101FF000E360AB68A360204638BD0000F0B589B04F
:1020000004686846FFF7F2FE4FF00203D4E84F2F52
:10201000002A03D1C4E8413F0029F7D125D104F1BA
:102020000C0569462846FFF7E1FEBFF35B8F0123ED
:102030006370002004F10803BFF35B8F53E8006F67
:1020400043E80002002AF9D1BFF35B8F6EB1FDF7C0
:1020500079FC78B129463046FFF764FF3046F2F745
:1020600039FF10213046F2F7D0FE6846FFF7CBFE6D
:1020700009B0F0BD314602A8FFF7B0FFE068B4F93F
:10208000105008B102F09AFD06901020ADF81C50D7
:10209000F2F7B7FE0546E8B1002787601820F2F78F
:1020A000B0FE044688B10146876002A8FCF778FBC1
:1020B000049BA268A360059B049206A9E268E36002
:1020C00004F110000592FFF791FE084BEB60084BFE
:1020D0002C60AB6006A8FFF796FE02A8F2F7FAFEA6
:1020E000002229460348FDF735FCB7E7371F0C00EF
:1020F000D1210C00792B0C002DE9F0438DB0044662
:102100009DF858800E4617469946FDF7E3FC40B906
:102110006FF0D1012046FFF739FF20460DB0BDE832
:10212000F083149BCDF8289014200025CDE90855A4
:1021300007900B93F2F765FE014618B1C0E901550F
:102140000570457004A80391FFF70CFF1F4B08931F
:102150000820F2F756FE054610B103A9FFF7BEFEB0
:1021600007AB0093159A09955FFA88F33946304614
:10217000FDF7C0FCB8B9039B5B7803F0FF0293B98D
:102180004FF69C7305A903A80592ADF81830FFF728
:1021900035FF05A8FFF737FE05A80999FFF7A7FE49
:1021A00006A8F4F76FF903A905A8FFF797FE059BAA
:1021B000069A23606260002306A806930593F4F74D
:1021C00061F904A8F4F75EF9A7E700BF95220C00B7
:1021D000012AF8B5054603D10B6803600020F8BD5D
:1021E000022A10D0032AF9D10468002CF6D004F199
:1021F0001000FFF708FE2046F2F76CFE182120467B
:10220000F2F703FEEAE718200E68F2F7FAFD04463B
:1022100050B13146FFF7E2FE3069B6F9147008B1EB
:1022200002F0CCFC2061A7822C60D7E738B50023F0
:1022300083608B6804460D462BB102229847EB68F9
:10224000E360AB68A360204638BD012A70B5044640
:1022500003D10B680360002070BD022A0CD0032A52
:10226000F9D10468002CF6D02046F2F733FE142191
:102270002046F2F7CAFDEEE714200E68F2F7C1FD22
:10228000054620B13146FFF7D1FF337C2B74256022
:10229000E1E70000F0B589B004460D4601A81146FB
:1022A000FFF725FEA4B124B21DB1284602F086FC3A
:1022B000054601A803A90395ADF81040FFF79EFE5F
:1022C00003A8FFF7A0FD02A8F4F7DCF809B0F0BD01
:1022D000019D0123D5E84F2F002A03D1C5E8413FD6
:1022E0000029F7D1EFD12B73BFF35B8F6B702B1DE0
:1022F000BFF35B8F53E8006F43E80042002AF9D137
:10230000BFF35B8F002EDED02046FDF71BFB074698
:1023100060B105F10C013046FFF714FE3046F2F7CC
:10232000D9FD10213046F2F770FDCCE7314603A805
:10233000FFF77CFF2B7B8DF81C301020F2F761FD3E
:102340000546D0B187601420F2F75BFD044678B1F2
:102350008760014603A8FCF723FA059BA268A360E7
:10236000069B0592E268E3609DF81C300692237498
:10237000064BEB60064B2C60AB6003A8F2F7AAFD9E
:10238000002229460348FDF7E5FAC7E7571F0C006E
:102390004B220C00792B0C00704710B51821044615
:1023A000F2F733FD204610BDF0B5037D062B8DB04E
:1023B0000E4600F104074FF0000412D000F10805AA
:1023C00015F8011D0A223046FEF7C7F9AF42044452
:1023D00019D0002CF4D02E213046FEF79FF904448A
:1023E000EEE72F236A4639460A208DF80040FDF7B4
:1023F000AFF86846F2F7C2FC33680246DB6869460C
:1024000030469847044620460DB0F0BD10B5054B48
:102410000446112240F8043B002102F069FB2046EB
:1024200010BD00BF3C6F0C000346074A10B543F8CF
:10243000042B01F1100251F8044B43F8044B914274
:10244000F9D10A781A7010BD3C6F0C00037D042B83
:1024500004D14068003818BF01207047062B07D10F
:1024600043683BB983682BB9C3681BB90069F1E7BE
:10247000002070470120704710B59DF8084044EADD
:10248000032343EA024242EA0161042341600375E7
:1024900010BD000007B5064B0360CB7800938B7826
:1024A0004A780978FFF7E8FF03B05DF804FB00BF46
:1024B0003C6F0C00417470477047704708B50021AD
:1024C000007CFDF7DDF940EAE07008BD08B50121A8
:1024D000007CFDF7D5F940EAE07008BD08B5007C46
:1024E000FDF7C6F920EAE07008BD08B5007CFDF7ED
:1024F000B7F920EAE07008BD13B50446007C0191ED
:10250000FDF7B6F90028019901DC607C20B1207C40
:10251000FDF7BEF920EAE07002B010BD007CFDF7C7
:10252000BFB910B514210446F2F76FFC204610BD68
:1025300010B54FF47A73044608460021C4E901132C
:10254000044B23600123207463741146FDF770F976
:10255000204610BD506F0C00007C0022FDF770B9C2
:10256000007CFDF775B910B514220446002102F075
:10257000BFFA204610BD000010B50F4C88B003A86C
:10258000FFF7F1FF2178BFF35B8F11F001010FD14D
:1025900020460191FDF71EFB019948B103AA0748A7
:1025A000FFF7C6FF2046FDF71DFB054802F032FA93
:1025B000024808B010BD00BF58DF03205CDF0320D5
:1025C000B9240C0000F11003012213F8101C01299A
:1025D000184608D153F8041C02EB4102013A03F1FA
:1025E0001003F2D17047022904BF53F8041C52189B
:1025F000F4E70EB4F0B588B000AF07F13405102150
:1026000055F8042B7A6004462B467818FD60FDF7D8
:10261000A9FA0F287A681AD900F1080323F00703F2
:102620006E46ADEB030D411C2B466846FD60FDF781
:1026300099FA021E04DD236869469B682046984784
:10264000B5462037BD46BDE8F04003B070470028CE
:10265000F7D0236802469B6807F11001204698478F
:10266000EFE738B50B6803604D6843689D42044648
:1026700008D015B16B6801336B60606808B1FDF775
:10268000E1FF656038BD07B503688DF807109B68EA
:1026900001220DF10701984703B05DF804FB0B46DA
:1026A0001146002210B5C0E90022044683600BB930
:1026B000204610BDFFF7D5FFFAE78368EBB11A7823
:1026C000032A1AD8DFE802F00417021B052070471E
:1026D00002685B685268D05C2D2812D0A0F13003EC
:1026E000092B0ED974280ED066280CD0A0F16E03E9
:1026F0005842584170470620704700207047042018
:102700007047032070470220704710B50446FFF75A
:10271000D4FF02280ED0C31EDBB2012B14D82268CE
:10272000A36850685B68BDE810400A220021184485
:1027300002F01EBB2268A36852685B68D05CA0F1FF
:1027400074035842584110BD0020FCE738B50023FF
:10275000C0E9003304460E48C4E90203A9B10B786E
:10276000032B06D08BB9136858684B68C35C6E2B7B
:1027700007D013684D6858688B6828445B1BA060BD
:10278000E36011462046FFF76CFF204638BD00BFCE
:10279000036B0C0038B500250B46C0E90055C0E9B5
:1027A0000255C0E90455044611464BB11A78012A76
:1027B00006D103F11002DB6882604361FFF751FF2D
:1027C000204638BD10B54369044663B18068E060B7
:1027D000013B1030A0602061636113B1FFF7F2FE8E
:1027E000A060012000E0184610BD10B57D21044610
:1027F000FFF749FF01232371204610BD08B5037977
:10280000012B02D0022B04D008BD2C21FFF73BFF87
:10281000FAE73A21FAE710B50446FFF7EFFF204642
:102820007B21FFF730FF00232371204610BD0000FD
:1028300013B504460191FFF7E1FF2368019ADB68B5
:1028400003492046984701232046237102B010BD5A
:1028500029630C0013B504460191FFF7CFFF2368ED
:10286000019ADB68034920469847012320462371DB
:1028700002B010BD98520C002DE9F0470D46222100
:1028800090460446FFF7FFFEDFF8A490A8442F46C9
:102890004745BA463DD017F8016B222E06D05C2E74
:1028A00004D0304602F0C8F80028F1D12368AAEB22
:1028B00005029B682946204698475C212046FFF781
:1028C000E2FE0D2E0AD8072E1CD9A6F10803052B0F
:1028D00018D8DFE803F00D0F11171315222E01D0C1
:1028E0005C2E0FD131462046FFF7CDFE3D46CFE7A7
:1028F0006221F8E77421F6E76E21F4E76621F2E73A
:102900007221F0E723683246DB6849462046984743
:10291000ECE7BD4205D023687A1B9B682946204618
:10292000984722212046FFF7AEFEBDE8F08700BFA2
:102930007C6F0C0013B50446CDE90021FFF75EFF64
:102940002046DDE90021FFF797FF0223204623718F
:1029500002B010BD13B50446CDE90021FFF74EFFCC
:102960002046DDE90021FFF787FF01232046237180
:1029700002B010BD004700002DE9FF4100241D46B4
:102980000F4690460646FCF7EBFCA5424FF00403C9
:10299000ADF80D408DF80C308DF80F40A2BF9DF8BA
:1029A00028308DF80E3003AC0749009443463A4670
:1029B0003046A8BF8DF80D50FCF7CAFCB0FA80F085
:1029C000400904B0BDE8F08175290C00FCF7D8BCC3
:1029D000FCF7CEBC002240681146FDF70BB8002280
:1029E00040681146FDF726B8002240681146FDF701
:1029F00031B840680022FDF725B84068002281F018
:102A00000101FDF70FB8002340681A461946FDF78B
:102A100001B8002340681A461946FCF7F3BF0022AC
:102A200040681146FCF7D6BF406800220221FCF73F
:102A3000D9BF002340681A46FCF7C4BF70B5134BDA
:102A400003601825303386B00E4643602A460021C5
:102A50000446083002F04CF8002270681146FCF77A
:102A6000C9FF78B100212A46684602F041F869465C
:102A70000020ADF80050FCF7D3FE18B96946204697
:102A8000FFF7E4F8204606B070BD00BFE46E0C000E
:102A9000084B10B5282422461846002102F028F8D9
:102AA000054B04804FF0FF32426004225A60034A13
:102AB0001A6010BD78DF032070DF03208C6F0C00DC
:102AC00070474174704708B5007CFCF791FD20EA1F
:102AD000E07008BD08B5007CFCF762FD20EAE070FC
:102AE00008BD08B5007CFCF76BFD40EAE07008BD4E
:102AF00008B5007CFCF75CFD40EAE07008BD007C96
:102B0000FCF766BD37B5457C04462DB1207C03B08B
:102B1000BDE83040FCF73CBD007C0191FCF768FD4E
:102B200000280199F2DC284603B030BD10B514210D
:102B30000446F2F76AF9204610BD000010B54FF4C4
:102B40007A730446084611460022C4E90123044B67
:102B50002360012320746374FCF75AFD204610BDE6
:102B6000D06F0C00007C0023FCF74ABD0022FFF769
:102B7000F9BF007CFCF704BD10B5836804460BB9AF
:102B800000F0ACFDC3689847A3681BB1032221463F
:102B90002046984720461021BDE81040F2F735B98D
:102BA0007047F8B5064615460C468F18BC4206D04D
:102BB000336814F8011B9B6830469847F6E72846AF
:102BC000F8BD007C0022FCF753BD007C0021FCF71F
:102BD00057BD007C0021FCF75BBD007C0021FCF7A9
:102BE0005FBD007C0021FCF763BD10B514210446D5
:102BF000F2F70BF9204610BD38B5044615464FF4E0
:102C00007A730022C4E90123094B2174084623602A
:102C10002946FCF75DFDBF3008D16B69DB0705D5A0
:102C20006868FCF78FFFE868FCF78CFF204638BD2A
:102C300004700C00007C0022FCF7F2BC0023007C36
:102C40001A461946FCF7F4BC007C0021FCF7F8BCDE
:102C50007FB500221823CDE90022ADF800300B78B3
:102C60008DF804304B680293CB6803930B7A04937E
:102C7000007C0B6905936946FCF742FD07B05DF8DF
:102C800004FB7FB58DF8041000215B1A4FF0640C33
:102C9000CDE904C118BF012301A902928DF80C30BF
:102CA000FFF7D6FF07B05DF804FB0123FFF7E9BF8C
:102CB000007C0022FCF7CCBCC9B2FFF7F9BF007C56
:102CC0000022FCF7CDBC0121FFF7F9BF007C0021F9
:102CD000FCF7F6BC08B50021007CFCF701FDB0FA5A
:102CE00080F0400908BD08B50021007CFCF700FD1C
:102CF000B0FA80F0400908BD054BFF210022C3E96E
:102D0000001201206421C3E902011A61704700BF6B
:102D1000A0DF032013B503688DF807101C6C012297
:102D20004FF0FF330DF10701A04702B010BD10B402
:102D300003681C6C4FF0FF33A4465DF8044B6047FA
:102D400013B5134602688DF80710146C0DF10701D6
:102D50000122A04702B010BD10B54369B3F8862028
:102D6000B3F884309A42044608D06369B3F88420EB
:102D7000511CA3F884101344187910BD03681B6913
:102D800098470028F1D14FF0FF30F6E770474369CC
:102D90001868C043C00F704770470000064B994247
:102DA00010B500F10C0405D0084600F09BFC00288B
:102DB00008BF0024204610BDC46D0C0010B5AC2126
:102DC0000446F2F722F8204610BDAC21F2F71DB8F8
:102DD0002DE9F0414FF0000886B01C46C0F8048091
:102DE00005460E4617464146102202A801F080FE15
:102DF000631C09D04FF47A73B4FBF3F203FB124463
:102E0000CDE902285C4304946869102300930068AC
:102E100002AB41F2050240F6FF71FCF779FC002895
:102E200007DAFCF7B7FE03686B60002006B0BDE868
:102E3000F0816869002300683A463146FCF788FC57
:102E4000031EEEDB1846F1E730B587B0044601AD4E
:102E50006846FFF71FFB0FCD04340FC42B682370A7
:102E600007B030BD70B54D69054B04468C3544F84C
:102E7000043B06460FCD0FC42B682370304670BD4F
:102E80003C6F0C002DE9F0439846036893B00D4663
:102E900000241B6B06461746984728466B46224679
:102EA00021460094FCF714FA0546002863D1009BE4
:102EB000002B4BD05B69002B48D006A8FFF7A6FA81
:102EC000009B5C696378022B04D1211D06A8FFF7E3
:102ED000BBFF26E00A2B24D11122294601A801F0CC
:102EE00007FEA368002B38D004F108030DF1040C91
:102EF000183418685968624603C20833A3429446DE
:102F0000F7D1062301A90CA88DF81430FFF78CFA2D
:102F10000DF1340CBCE80F0007AC0FC4DCF8003036
:102F2000237006A8FFF792FA80B1336807ADD3F893
:102F30002490124B0C930FCD0DAC0FC42B68237053
:102F40003A4643460CA93046C84705460098FCF768
:102F5000B7F9284613B0BDE8F083E368002BC3D16E
:102F60004FF6FF70D4F81090FCF7FAFA8145BBD108
:102F700004F11401AAE72546E8E700BF3C6F0C0006
:102F800038B543691A68002A054610DAB3F8862076
:102F9000B3F884309A420AD103681B699847044603
:102FA00028B92B6828461B6B9847204638BD01205E
:102FB000FCE710B54369B3F88620B3F884309A4231
:102FC000044605D06369B3F884201344187910BD12
:102FD00003681B6998470028F4D14FF0FF30F6E7EB
:102FE000F8B543691746B3F88620B3F884309A429F
:102FF00005460E4616D06969B1F88430B1F88640AE
:10300000E41ABC4228BF3C460433224619443046E9
:1030100001F046FD6A69B2F884302344A2F8843096
:103020002046F8BD03681B6998470028E3D14FF09C
:10303000FF34F5E742690023A2F884304269A2F820
:1030400086307047F0B51F4603680C461B6B8BB08B
:10305000054616469847237D042B0CBF02200A2004
:1030600006220121FCF77CFB6B6918606B691B6809
:10307000002B07DA2B6828461B6B00249847204654
:103080000BB0F0BD2846FFF7D5FFB7B1002303A969
:10309000F8B20393ADF81030FCF782F90028E9D1BB
:1030A000686906230093006803AB41F20B0240F607
:1030B000FF71FCF72DFB0028DCD11C22002103A8A6
:1030C00001F016FD237D042B1DD14FF4077330460C
:1030D000ADF80C30FCF74CFAADF80E006068FCF768
:1030E0003FFA04906B691C22186803A9FCF720FBC7
:1030F0000028BFD104340FCC6D698C350FC523680F
:103100002B700124BBE740F61C233046ADF80C3091
:10311000FCF72EFA05AEADF80E00231D04F11407DE
:1031200018685968324603C20833BB421646F7D1C5
:10313000D8E7000030B54269B2F886308BB004465B
:103140002BB1B2F884209A4201D1FFF773FF616975
:103150000868002818DBB1F886507F2D14D8043198
:103160000823C5F180022944FCF7EAFA002813DDA0
:103170006369B3F886200AB9A3F884206369B3F8B9
:1031800086201044A3F886006369B3F88600B3F87C
:103190008430C01A0BB030BDFCF7FCFC03680B2B6D
:1031A000F2D0FCF7F7FC03680B2BEDD020230025B1
:1031B000CDE90235FCF7EEFC03680193084B0949A1
:1031C000009302AA2B463220FCF772FB6369186851
:1031D000FCF7A6FA63694FF0FF321A60D4E700BF2C
:1031E00028700C00946D0C0010B5436904461868F3
:1031F000002801DBFCF794FA63694FF0FF321A6094
:103200006069112200218C3001F072FC2046BDE87B
:103210001040FFF70FBF10B5002304460160C0F84F
:1032200084308830FFF7F2F8204610BD73B50023D4
:103230004FF47A72C0E901320E4A036102604361C1
:103240000446AC200191F1F7DCFD051E05F10C06EA
:1032500008D00123C5E90133074B01992B603046A3
:10326000FFF7D9FF2046C4E90565FFF7E3FE02B08A
:1032700070BD00BF5C700C0040700C0010B54FF0CA
:10328000FF310446FFF7D2FF204610BD10B50446BB
:103290000068002801DBFCF743FA204610BD0C3023
:1032A000FFF7F4BF002340681A46FCF78BBB406869
:1032B00000220221FCF796BB002240681146FCF771
:1032C00089BB002240681146FCF794BB002340688C
:1032D0001A461946FCF796BB002340681A46194661
:1032E000FCF798BB40680021FCF7BCBB406800219C
:1032F000FCF7C0BB4068002281F00101FCF792BBE3
:1033000040680022FCF79EBB002240681146FCF793
:10331000A1BB002240681146FCF78CBB406800212D
:10332000FCF7B8BB2DE9F043002699B00D461446D2
:1033300098460746FFF76AF81C22314611A8039603
:1033400001F0D6FBB8F1000F2CD140236868109330
:10335000049618B104A9C0B2FCF72AF8049B0093A4
:10336000204603AB10AA0021FBF7BAFF0446002851
:103370004DD1024601216868FCF73CFB02218046E2
:1033800022466868FCF736FB039E81462146002EE4
:103390003DD000293BD17368022B05D00A2B13D0F6
:1033A000F669F4E71D4BD1E7B8F1000FF8D0716969
:1033B0000AA804310BADFFF76DF80FCD3C1D0FC40B
:1033C0002B6823704146EBE7B9F1000FE8D0746930
:1033D000102205A801F08CFB06238DF8243005ADE2
:1033E00004F108031834186859682A4603C20833E0
:1033F000A3421546F7D105A90AA80BADFFF714F8AB
:103400000FCD3C1D0FC42B6823704946C8E70398B5
:10341000FBF756FF384619B0BDE8F0834000004086
:10342000033803289ABF024B53F820000148704725
:10343000A4700C00B4DF032008B500224068FCF73C
:1034400021FBBDE80840FFF7EBBF0000024B034A39
:103450001A6000225A607047B4DF0320BC700C0071
:10346000252813B502D9002002B010BDA0F10B032E
:10347000022B1AD8174C2178BFF35B8F11F0010192
:103480000BD120460191FCF7A5FB019928B1124808
:10349000FCF706FC2046FCF7A5FB0F4B1878FCF761
:1034A00087F90028DFD10120DEE7012809D800F0E4
:1034B000EDF80021007CFCF703F980F00100C0B2B8
:1034C000D2E709380128EED800F078F8007CFCF744
:1034D00087F8F2E7A8D60320ACD60320252838B514
:1034E00004460D460AD8FF2908D0FFF7B9FF28B1D6
:1034F00029462046BDE83840FBF70ABF38BD38B53D
:1035000004460D46FBF70CFFFF2810D0062804D810
:103510004D2323FA00F0C30709D42046FFF7A0FF8C
:1035200028B129462046BDE83840FBF701BF38BD29
:1035300010B50446FBF7F4FE031FDBB2012B08D9DC
:103540002046FFF78DFF20B12046BDE81040FBF775
:10355000F7BE002010BD0D2810B504469CBF0E34E8
:10356000A4B22046FFF77CFF50B103212046FBF7B1
:10357000C7FE032804D12046BDE81040FBF708BF72
:10358000002010BD7047000038B5044614252A46B7
:10359000002101F0ADFA2580402507492581284604
:1035A000258200F099F804496060284600F094F8FC
:1035B000E060204638BD00BFF8700C0030B50E4DFD
:1035C0002978BFF35B8F11F0010487B011D1284631
:1035D000FCF700FB68B101A8FFF7D6FF01AA21465E
:1035E0000648FFF7ABFA2846FCF7FCFA044801F05E
:1035F00011FA024807B030BDBCDF0320C0DF032052
:1036000085350C0070B5104E0568044630680544D9
:10361000FBF7EEFE854203D90135281AFBF7D8FEE9
:10362000FBF7E6FE32682368801A984201D22068D0
:10363000F4E7236833B1E36823B12369201DBDE8B3
:103640007040184770BD00BFD4DF032008B5FFF7F6
:10365000D9FFBDE808400020FBF712BF10B5084CA9
:103660002378BFF35B8FDB0708D42046FCF7B2FA60
:1036700020B1FBF7C5FE2046FCF7B4FA014810BDA7
:10368000D8DF0320DCDF03207047000030B50E4D8B
:103690002978BFF35B8F11F0010487B011D1284660
:1036A000FCF798FA68B16846F5F78CFE6A46214641
:1036B0000648FFF7A1FA2846FCF794FA044801F0FF
:1036C000A9F9024807B030BDE0DF0320E4DF0320A2
:1036D00089360C00F1F795BBF1F795BB08B5FCF7FF
:1036E00049FA0000014900F0F9B800BF14710C005C
:1036F0007FB500241023CDE90234036815469E6986
:1037000012686B46CDE90044B0479DF8043003F0E1
:103710000603062B03BF009B2B600120204604B04C
:1037200070BD0098904214BF012006207047000031
:1037300010B5034B0360044600F0CDF8204610BDE1
:1037400054710C0010B50446FFF7F2FF2046082123
:10375000F1F75BFB204610BD2DE9F0411F46DDE986
:103760000834DDF8188098450646154607D10799B4
:1037700000F0B4F818B165710020BDE8F081394659
:10378000304600F0ABF80028F6D00123C4F80080E2
:103790002571A371F0E738B515461C4600F09EF878
:1037A00020B10823E36006232560237138BD73B57B
:1037B00005460C4601921E4600F090F850B9032EC3
:1037C00008D82368019A5B692946204602B0BDE803
:1037D0007040184702B070BD10B5034B036004463B
:1037E000FFF7A6FF204610BDB4710C0010B50446CB
:1037F000FFF7F2FF20460C21F1F707FB204610BD32
:10380000F7B5089F974205460E4614460AD0A868A9
:1038100002680897156A31462246AC4603B0BDE8F7
:10382000F04060471946019300F058F8019B0028CA
:10383000EDD0062003B0F0BD2DE9F14F0D4619463D
:10384000DDE90A4BDDE90CA681461746984600F0F3
:1038500045F890B1002D3460377109DB61198A4554
:103860000CBF06210121B171002001B0BDE8F08F2D
:103870000235F9D10123B371F6E7544506D1594613
:10388000484600F02BF808B17771EDE7D9F8080049
:103890000368CDE90CA6CDE90A4BDC693A464346FC
:1038A0002946A44601B0BDE8F04F60472DE9F0413C
:1038B00007460C4615461E46FFF76DFF48B9B86827
:1038C00003689F692A4633462146BC46BDE8F0415D
:1038D0006047BDE8F081704700207047814208B51D
:1038E0000ED0406803782A2B0CD049680B782A2B1D
:1038F00008BF0131F1F738FAB0FA80F0400908BD8D
:103900000120FCE70020FAE738B553EC102BC3F395
:103910000A5104469C4689BB10EE101A23F0004C55
:103920005CEA010129D0194600223D4B3D4D10EEC5
:10393000100AF0F731FDAC4202460B4616DB8C460E
:10394000C1F30A513639214440F2FE70814221DC34
:10395000002947DC11F1350F34DA4CF250318C423A
:1039600018DC002B26A1D1E9000144DB24A3D3E914
:103970000023F0F711FD41EC100B38BD40F2FF7051
:103980008142E0D110EE100A1946F0F74FFB41ECEE
:10399000100B38BD002B1CA1D1E9000107DB1AA3D5
:1039A000D3E90023F0F7F8FC41EC100B38BD18A167
:1039B000D1E9000114A3D3E90023F0F7EDFC41ECB9
:1039C000100BF3E72CF0FF4C2CF4E00C36314CEAF2
:1039D0000153104619460022134BF0F7DDFC41EC71
:1039E000100B38BD2CF0FF4C2CF4E00C4CEA0153CA
:1039F00043EC102B38BD08A1D1E90001B6E700BFA8
:103A000059F3F8C21F6EA5019C7500883CE4377E0F
:103A10009C7500883CE437FE59F3F8C21F6EA581FF
:103A200000005043B03CFFFF0000903C000000004D
:103A3000F8B52DED028B57EC106B55EC114B00F0E7
:103A4000CBF8634BB0EE408AF0EE608A93F9003019
:103A500001332AD022462B4620462946F0F736FF6E
:103A600018BB32463B4630463946F0F72FFF002858
:103A700044D10022002330463946F0F7F5FED8B194
:103A80000022002320462946F0F7EEFE00283DD113
:103A900045EC104B00F010FF38B1204629460022BB
:103AA0000023F0F7EBFE00285CD1B0EE480AF0EE00
:103AB000680ABDEC028BF8BDB0EE480AF0EE680A69
:103AC00000F0FAFE58B351EC180B00220023F0F777
:103AD000CBFE0028E9D047EC106B00F0EDFE00288B
:103AE000E3D045EC104B00F0E7FE0028DDD0FCF7FA
:103AF00051F822239FED2E8B0360D6E720462946FE
:103B000000220023F0F7B0FE0028CED09FED2A8BD4
:103B1000B0EE480AF0EE680ABDEC028BF8BD47EC47
:103B2000106B00F0C9FE0028CDD045EC104B00F022
:103B3000C3FE0028C7D053EC182B18EE100A194604
:103B4000F0F7C4FE20BBFCF725F8034622221A60DA
:103B50003046394600220023F0F790FE48B99FED29
:103B6000188BA2E7FCF716F821239FED178B036053
:103B70009BE745EC104B00F0B3FE224651EC100BD6
:103B80002B46F0F771FE0028E9D19FED0F8B8CE7F3
:103B9000FCF700F80022002321210160104619469D
:103BA000F0F724FD41EC180B7FE700BFAFF3008076
:103BB0000000000000000000000000000000F03FD6
:103BC000000000000000F07F000000000000F0FF97
:103BD000D0D30320000000002DE9F04F57EC116B0B
:103BE0002DED0C8B27F0004A5AEA060287B03DD033
:103BF00055EC104B724925F00048884510EE102A0C
:103C0000A9462CDC11EE103ABB4636D08A4526DC9C
:103C10006B498A4521D0B9F1000F39DB00210091B1
:103C2000002B51D1664B9A4500F0A280654B9A4516
:103C300000F0B080BBF1804F00F0C084624B9B4528
:103C400042D1B9F1000F3FDB45EC104B07B0BDECA2
:103C50000C8BBDE8F04F00F059BD002BDBD008F114
:103C6000404808F5801858EA020309D19FED500B2F
:103C700007B0BDEC0C8BBDE8F08F0CB9C245C7DDB9
:103C8000524807B0BDEC0C8BBDE8F04F00F020BEF1
:103C90004F498A4500F38580A1F154718A450FDDB3
:103CA0004FEA2A51A1F2FF31142940F39B84C1F15C
:103CB000340123FA01F000FA01F1994200F0ED8499
:103CC00000210091002BB1D045EC104B029200F086
:103CD000E9FD029A5ABBB8F1000F04D0394B29F024
:103CE00040429A4223D1BBF1000F07DA53EC102B6C
:103CF00034490020F0F77AFC41EC100BB9F1000FC9
:103D0000B6DA009B08F1404808F5801858EA03032A
:103D100040F08D8453EC102B10461946F0F784F9CF
:103D200002460B46F0F762FC41EC100BA0E7009A4C
:103D30004FEAD973013B0493134335D0254B9A4581
:103D40004CDD03F104739A45234B40F3DB83984524
:103D500040F36083BBF1000F40F3608316A3D3E907
:103D6000002310461946F0F717FB41EC100B7FE7D4
:103D700008F1404303F5801313433FF477AF164B2C
:103D8000984540F37A83BBF1000FC0F2478347ECBC
:103D9000106B6DE7BBF1000FC0F21A8445EC104BBD
:103DA00066E7022100913BE722462B46B4E700BFBD
:103DB000000000000000F03F9C7500883CE4377E66
:103DC0000000F07F0000F03F0000E03FF0710C00C9
:103DD000FFFF3F430000E041FFFFEF3FE44B09EAF4
:103DE0000303002253B951EC100BE24BF0F7D4FA65
:103DF00041EC100B10EE908A6FF034024FEA28531A
:103E0000A3F2FF339A18DC4B0592C8F3130848F06D
:103E10007F54984544F4401407DDD84B984540F34F
:103E2000148401320592A4F580149FEDB96B9FEDC7
:103E3000BA7B53EC162BB0EE47CAF0EE67CA0025EA
:103E4000B0EE47DAF0EE67DA5BEC10ABA346504613
:103E5000594643EC1A2BF0F7E7F853EC1A2B80463F
:103E6000894650465946F0F7E1F802460B460020D5
:103E7000C349F0F7BBFB41EC1B0B404653EC1B2B3B
:103E80004946F0F789FA41EC180B0A460146CDE99C
:103E900002120021029164104BEC19AB44F0005463
:103EA000DDE902AB04F500230020591904460D4654
:103EB00002460B4650465946F0F76EFA02460B464C
:103EC00040464946F0F7B0F853EC1A2B8046894635
:103ED00020462946F0F7A8F802460B4651EC190B8C
:103EE000F0F7A2F852465B46F0F756FA02460B4648
:103EF00040464946F0F798F853EC1B2BF0F74CFA84
:103F000053EC182B41EC190B51EC180BF0F744FA59
:103F100083A3D3E9002304460D46F0F73DFA82A3BC
:103F2000D3E90023F0F782F822462B46F0F734FA63
:103F30007FA3D3E90023F0F779F822462B46F0F768
:103F40002BFA7DA3D3E90023F0F770F822462B4625
:103F5000F0F722FA7AA3D3E90023F0F767F82246B4
:103F60002B46F0F719FA78A3D3E90023F0F75EF8AF
:103F70002246804689462B4620462946F0F70CFA11
:103F800002460B4640464946F0F706FA52460446BA
:103F90000D465B4651EC180BF0F748F853EC192B23
:103FA000F0F7FAF922462B46F0F740F852468046E1
:103FB00089465B4650465946F0F7EEF902460B46F5
:103FC00043EC1A2B6F4B0022F0F730F842464B4679
:103FD000F0F72CF800240D4622462B465046594651
:103FE000F0F7DAF9674B82468B46002220462946D5
:103FF000F0F71AF853EC1A2BF0F716F802460B46B6
:1040000040464946F0F710F853EC182BF0F7C4F986
:1040100022462B4604460D4651EC190BF0F7BCF92D
:1040200002460B4620462946F0F700F880468946AE
:1040300042464B4650465946EFF7F8FF44A3D3E9B2
:104040000023002004460D46F0F7A6F9524641EC45
:10405000190B5B4620462946EFF7E6FF02460B4662
:1040600040464946EFF7E0FF3BA3D3E90023F0F7D2
:1040700093F902460B462046294614461D4638A3AE
:10408000D3E90023F0F788F902460B46204629467B
:10409000EFF7CCFF53EC1D2BEFF7C8FF80460598D8
:1040A0008946F0F70FF9424682468B464B4651EC63
:1040B000190BEFF7BBFF53EC1C2BEFF7B7FF524682
:1040C0005B46EFF7B3FF52465B46002004460D46C1
:1040D000EFF7AAFF53EC1C2BEFF7A6FF53EC192BBD
:1040E000EFF7A2FF02460B4640464946EFF79CFF1A
:1040F000009B049A013B134382468B4640F0B681F5
:104100009FED197BB0EE478AF0EE678A3CE000BF76
:10411000000000000000F03F000000000000000070
:10412000EF4E454A287ECA3F65DBC9934A86CD3F9C
:1041300001411DA96074D13F4D268F515555D53F82
:10414000FFAB6FDBB66DDB3F033333333333E33F1A
:10415000000000E009C7EE3FFD033ADC09C7EE3F6F
:10416000F5015B14E02F3EBE000000000000F0BF30
:104170000000F07F000040438E98030079B60B00EA
:104180000000F03F000008400023CDE900670093E5
:10419000DDE90089304642464B463946EFF744FF99
:1041A00022462B46F0F7F8F832463B4606460F46C5
:1041B00050465946F0F7F0F802460B46304639466D
:1041C000EFF734FF42464B4606460F462046294647
:1041D000F0F7E2F804460D462B46304639462246B3
:1041E000EFF724FFC24B9942804689468A4640F346
:1041F000188101F13F4303F5E003034340F00782D8
:10420000A3A3D3E9002330463946EFF70FFF024658
:104210000B46404649469046994622462B46EFF7C4
:1042200003FF02460B4640464946F0F745FB00288F
:1042300040F0ED81CAF30A534FF48012A3F2FE332B
:1042400042FA03F35344AB49C3F30A52A2F2FF32DA
:1042500041FA02FCC3F3130141F48011C2F11402CC
:1042600041FA02F2002023EA0C01BAF1000F009299
:104270000B46024602DA009949420091204629463F
:10428000EFF7D2FE009B1B05029302460B46044645
:104290000D4630463946EFF7C9FE89464FF0000813
:1042A0007DA3D3E9002340464946F0F775F822463E
:1042B0002B4682468B4640464946EFF7B5FE0246FE
:1042C0000B4630463946EFF7AFFE75A3D3E900231E
:1042D000F0F762F874A3D3E9002304460D46404684
:1042E0004946F0F759F802460B4620462946EFF7B3
:1042F0009DFE06460F4632463B4650465946EFF76E
:1043000095FE52465B4604460D46EFF78DFE02468B
:104310000B4630463946EFF787FE224680468946EF
:104320002B4620462946F0F737F861A3D3E900234E
:1043300006460F46F0F730F85FA3D3E90023EFF706
:1043400073FE32463B46F0F727F85DA3D3E900231E
:10435000EFF76CFE32463B46F0F71EF85AA3D3E95E
:104360000023EFF761FE32463B46F0F715F858A3FD
:10437000D3E90023EFF75AFE32463B46F0F70CF83C
:1043800002460B4620462946EFF74EFE06460F46EC
:1043900032463B4620462946EFF7FEFF02460B46D3
:1043A0003046394616461F4600224FF08043EFF74D
:1043B0003BFE02460B4630463946F0F717F94246B7
:1043C00006460F464B4620462946EFF7E5FF424694
:1043D0004B46EFF72BFE02460B4630463946EFF7C9
:1043E00023FE22462B46EFF71FFE02460B46002017
:1043F0004149EFF719FE029A0B461344B3F5801FAB
:10440000C0F24381194653EC182BEFF7C5FF41EC7E
:10441000100B2DE4BBF1000FFFF6A0AC9FED2E0BAF
:1044200026E4DFF8DCC021F00043634540F3E78079
:10443000324B0B4403430AD122462B46EFF7F4FDDF
:1044400032463B46F0F72EFA00283FF4F3AE24A3A1
:10445000D3E9002351EC180BEFF79EFF20A3D3E91B
:104460000023EFF799FF41EC100B01E49FED1E7B59
:10447000B0EE478AF0EE678A86E6BBF1000FCDDA30
:1044800007F1004300EE106A00EE903AFFF7F0BB30
:10449000FE822B654715973C00000000432EE63F47
:1044A000EF39FAFE422EE63F396CA80C615C20BE63
:1044B000D0A4BE726937663EF16BD2C541BDBB3E2A
:1044C0002CDE25AF6A56113F93BDBE166CC1663F08
:1044D0003E5555555555C53F0000000000000000F1
:1044E00059F3F8C21F6EA501000000000000F03F64
:1044F000FFFF8F40FFFF0F000000F03F00346F3FD1
:10450000FFCB9040984585DB7D4B98453FF722AC2B
:1045100051EC100B7A4B0022EFF786FD68A3D3E92C
:10452000002304460D46EFF737FF67A3D3E90023C6
:1045300082468B4620462946EFF72EFF714B41EC11
:10454000180B002220462946EFF726FF02460B46AD
:104550005FA1D1E90001EFF767FD22462B46EFF797
:104560001BFF02460B4600206749EFF75DFD224620
:10457000804689462B4620462946EFF70DFF024626
:104580000B4640464946EFF707FF53A3D3E9002304
:10459000EFF702FF02460B4651EC180BEFF744FD14
:1045A0008046894642464B4650465946EFF73EFD07
:1045B000002052465B4604460D4691E522462B46B6
:1045C00020462946EFF7E8FE41EC100BFFF750BB01
:1045D0004B49002022462B46F0F708F841EC100B1F
:1045E000FFF746BB002B44D1C1F114014AFA01F098
:1045F00000FA01F151455AD00093FFF717BB424A28
:1046000093425BDCDDE900120291009146E634A39F
:10461000D3E9002351EC180BEFF7BEFE30A3D3E92A
:104620000023EFF7B9FE41EC100BFFF721BB009B15
:10463000012B7FF41DAB10EE901A10EE102A01F141
:10464000004343EC102BFFF713BB9FED277BB0EE2D
:1046500047CAF0EE67CA9FED267BB0EE47DAF0EE70
:1046600067DA9FED257B4FF4802553EC172BFFF77E
:10467000EBBB45EC104B009200F014F9009A002AB5
:104680007FF492AB0092FFF726BB41EC100B009831
:10469000FFF73AF951EC100BB5E600F00100C0F15C
:1046A00002010091002B3FF4C1AAFFF70DBB00F0FF
:1046B0000100C0F102030093FFF7B8BA1B15BBE578
:1046C000000000604715F73F44DF5DF80BAE543E35
:1046D000555555555555D53FFE822B654715F73F26
:1046E0009C7500883CE4377E0000004003B8E23F40
:1046F00006D0CF43EBFD4C3E000000000000F83F29
:104700000000F03F0000D03F0000E03F2DE9F04105
:10471000634A55EC104BAA4300F09F80002D10EE29
:1047200010CA2B4654DD291563D0C3F31303A1F23D
:10473000FF37C90743F4801304D45B0003EBDC7339
:104740004FEA4C0C4FEADC72002602EB43037F1069
:104750004FEA4C0C4FF0160E34464FF40012A118DD
:10476000994202DC5B1A8C1816445B00BEF1010E04
:1047700003EBDC734FEA52024FEA4C0CEFD1754663
:1047800020204FF000420AE044D04FEADC710138AB
:1047900001EB43034FEA4C0C4FEA520243D0A342D1
:1047A00002EB0E01F0DD002901EB020E0ADBA04650
:1047B0001B1B614588BF03F1FF33ACEB010C1544B3
:1047C0004446E2E7BEF1000FF1DB04F10108EFE738
:1047D00025F00042224338D0002D4ED129464FEA21
:1047E000DC22153913464FEA4C5C002AF7D0D6027A
:1047F00050D400205B00DD02044600F10100F9D531
:104800001A4663460CFA00FCC0F12000C340091BA5
:1048100013438AE76145B8D8002901EB020ED1DBCA
:1048200098460023C9E753EA0C0310D168087110B9
:10483000F30701F17F5101F5001148BF40F000403E
:1048400001EB0753024643EC102BBDE8F0816A1CD4
:1048500016BF681C01364008E9E710EE102A10EE7A
:10486000100A2B462946EFF797FD22462B46EFF715
:10487000DDFB41EC100BBDE8F08110EE102A204664
:104880002946EFF7D1FB02460B46EFF7AFFE41ECAE
:10489000100BDAE7634620204FF0FF34B6E700BF85
:1048A0000000F07F51EC100B10EE102A21F00043B5
:1048B00043EC102B704700BF82B08DED000B0198C8
:1048C00040F0004000F58010C00F02B0704700BFFC
:1048D0009FED010B704700BF000000000000F87F53
:1048E000F0B553EC102BC3F30A5CACF2FF31132983
:1048F00010EE100A83B01C464FEAD37E3ADC002942
:1049000030DB424D45FA01FC03EA0C0515432DD07E
:1049100003EA5C0318434FEA5C0C0CD024EA0C0C4D
:104920004FF48024132944FA01F10CBF4FF00040EA
:1049300000204CEA0104364901EBCE0E2346DEE9A5
:104940000045024629462046EFF770FBCDE90001FD
:10495000DDE9000122462B46EFF766FB41EC100B28
:1049600003B0F0BD23F00041114324D143EC102BE0
:1049700003B0F0BD332908DDB1F5806FF6D11946DB
:10498000EFF754FB41EC100BF2E7ACF2134C4FF095
:10499000FF3121FA0CF10A42E8D010EA51024FEA45
:1049A0005103C8D020EA03034FF0804040FA0CFCCA
:1049B00043EA0C00BFE7C3F313031843144A43420E
:1049C000034302EBCE0E1B0B620C03F400235204D4
:1049D00043EA02073B46DEE9006710EE102A304644
:1049E0003946EFF723FBCDE9000132463B46DDE9CE
:1049F0000001EFF719FB04F0004421F000410246EA
:104A000041EA040343EC102B03B0F0BDFFFF0F009D
:104A1000F8710C00002301461A461846F0F710BA48
:104A20000A22002100F0A4B9024B0A460146186888
:104A300000F066B8D4D30320024B1844407800F04D
:104A4000970070479C720C00024B1844407800F0AD
:104A5000080070479C720C00002910B591FBF2F41D
:104A600002FB141306DB002B01DA01349B1AC0E9A8
:104A7000004310BD002BC4BF04F1FF349B18F6E7C0
:104A800010B501390244904201D1002005E00378BD
:104A900011F8014FA34201D0181B10BD0130F2E7FD
:104AA0000A44914200F1FF3300D1704710B511F86C
:104AB000014B03F8014F9142F9D110BD884210B566
:104AC00001EB020402D98442234607D8431EA142C7
:104AD00008D011F8012B03F8012FF8E70244014632
:104AE0008A4200D110BD13F8014D02F8014DF7E7DD
:104AF00002440346934200D1704703F8011BF9E7D3
:104B000013B54A4311460192FBF73CF8044618B12D
:104B1000019A0021FFF7ECFF204602B010BD000013
:104B200038B5104B1D68AB6B0446B3B91820FBF7C2
:104B300001F80246A86320B90B4B0C484221FBF751
:104B400031F80B490B4BC0E900130B4B83600B236F
:104B5000838100210120C2E90401AB6B00221C61AA
:104B60005A6138BDD4D3032008720C001F720C00A8
:104B70000E33CDAB34126DE6ECDE0500C9B2034650
:104B800010F8012B1AB18A42F9D118467047002952
:104B900018BF0023F9E710B50446FFF7EFFF18B977
:104BA0002046F0F7EBF8204410BD034611F8012B26
:104BB00003F8012B002AF9D170470000024B01468F
:104BC000186800F003B800BFD4D3032037B50446FB
:104BD00008460D46F0F7D2F8421C114620460192D5
:104BE000FAF7D0FF044618B1019A2946FFF758FF9B
:104BF000204603B030BD10B57AB1034601398418A0
:104C000013F8010B11F8012F904201D1A34201D1F9
:104C1000801A10BD0028F3D1FAE71046F9E710B565
:104C20000139034632B111F8014F03F8014B013A43
:104C3000002CF7D11A440021934200D110BD03F893
:104C4000011BF9E738B503460C4669B9BDE83840A1
:104C5000FFF794BF431C054621461846FFF78EFF19
:104C60000028F7D1284638BD0025F5E7012B2DE9AE
:104C7000F04701D0242B06D9FAF78CFF16230360E6
:104C80000020BDE8F087DFF8E4C00D462E4615F899
:104C9000014B14F80C7017F00807F7D12D2C32D106
:104CA0002C780127B51C002B5BD0102B09D1302CA0
:104CB00007D12C7804F0DF04582C4DD16C781023E8
:104CC000023507F1004808F1FF384FF0000CB8FB3F
:104CD000F3F9664603FB198AA4F1300EBEF1090F01
:104CE00016D87446A34224DDBCF1000F1EDBB1458B
:104CF0001CD301D1A24519DB06FB03464FF0010C82
:104D000015F8014BE8E72B2C04BF2C78B51CCAE73B
:104D1000A4F1410EBEF1190F01D8373CE2E7A4F12E
:104D2000610EBEF1190F04D8573CDBE74FF0FF3C92
:104D3000E6E7BCF1000F05DA22230360464642B9DC
:104D400030469EE707B17642002AF9D0BCF1000F49
:104D500000D0691E1160F3E73024002BB1D1082385
:104D6000AFE7302CA5D00A23ABE700BF9D720C0043
:104D700013460A46014602480068FFF777BF00BFA6
:104D8000D4D303208D4D0B00C94D0B00F14D0B000A
:104D9000F54D0B000000000043616C6C206F6E202D
:104DA00070757265207669727475616C00526573F6
:104DB00065742064756520746F207761746368641E
:104DC0006F6700617070776474000000000000007D
:104DD000000000000000000000000000114E0B0069
:104DE000434E0B0000000000000000008D4E0B0041
:104DF000C14E0B0075140C0019160C0047505320BF
:104E000073746172746564206F6E20554152542C26
:104E10002077616974696E6720666F7220666978B1
:104E20002E2E2E002C00594553004E4F0043686132
:104E300072733A256C752C5061737365643A256CF6
:104E4000752C4661696C65643A256C752C466978E9
:104E50003A25732C536174733A256C752C41676540
:104E60003A256C75006770735F6F6666003D3D3D67
:104E700020524157204750532044415441203D3D4A
:104E80003D003D3D3D20454E4420524157202825C0
:104E90006420636861727329203D3D3D00496E6165
:104EA0006374697669747920636F756E7465723A9C
:104EB00020000A2D2D2D20494D5520696E697469F9
:104EC000616C697A6174696F6E20617474656D706C
:104ED000742025642F2564202D2D2D0057697265BF
:104EE000206E6F7420656E61626C65642C20726543
:104EF000696E697469616C697A696E672E2E2E001D
:104F00004552524F523A2043616E6E6F7420656E67
:104F100061626C6520576972652100494D552069B1
:104F20006E697469616C697A656420737563636521
:104F3000737366756C6C79210057686F20616D2002
:104F4000493F20307800494D5520696E69742061D1
:104F50007474656D7074202564206661696C656485
:104F600000417474656D7074696E67207265636F5B
:104F7000766572792E2E2E00457874656E646564B0
:104F80002064656C6179206265666F726520726568
:104F90007472792E2E2E004552524F523A20494DAE
:104FA00055206661696C656420746F20696E697450
:104FB00069616C697A6520616674657220616C6CE8
:104FC00020617474656D707473210050726F626C2F
:104FD000656D20636F6E6669677572696E672074B0
:104FE0006865206465766963652E00494D552069C2
:104FF00064656E7469747920636F6E6669726D653D
:10500000643A204B58544A332D31303537004465CB
:1050100076696365204F2E4B2E0074696D65722092
:105020007374617274656400696E61637469766536
:105030005F733D25642C626174745F763D252E326A
:10504000662C726561736F6E3D73746174696F6E07
:105050006172792C74733D256C7500535441544929
:105060004F4E4152590053746174696F6E61727989
:1050700020666F72202564207365636F6E64732EE3
:1050800020456E746572696E672053544F502066D8
:105090006F72202564206D696E757465732E006DC6
:1050A0006F74696F6E2073657276696365206C6FCB
:1050B0006F7020696E6163746976697479207469B0
:1050C0006D657200000000000000000019570B0021
:1050D00039570B0025560B00507265706172696E6E
:1050E0006720666F722053544F50206D6F646500C7
:1050F000476F696E6720696E746F2053544F50205C
:105100006D6F646500534C454550494E475F7A7A50
:105110007A004261636B2066726F6D2053544F506A
:10512000206D6F646500574F4B454E5550005072CF
:1051300065706172696E6720666F722048494245EA
:10514000524E4154494F4E206D6F646500476F6960
:105150006E6720696E746F2048494245524E415433
:10516000494F4E206D6F64650048494245524E419B
:1051700054494E475F627272004261636B206672EF
:105180006F6D2048494245524E4154494F4E206D63
:105190006F6465004241434B5F46524F4D5F484943
:1051A0004245524E4154494F4E00434C492073747E
:1051B000617274656400434C490053746172747584
:1051C00070005741520052454345495645443A20E4
:1051D000004C49535400524541443A007265626F95
:1051E0006F740064667500456E746572696E672041
:1051F000444655206D6F646500656E746572696E16
:1052000067004446550073746F7000686962657288
:105210006E617465007365636F6E6473006D696EB3
:105220007574657300686F757273007364006475DC
:105230006D7000616C6C0044756D70696E67204123
:105240006C6C20446174612046696C657300656E06
:105250006465645F64756D70696E675F616C6C5FD7
:10526000646174610044554D500044756D70696E01
:105270006720536F6D6520446174612046696C65D9
:105280007300656E6465645F64756D70696E675FF9
:10529000005F66696C65730025750046494C45538F
:1052A000006865616C74680053444845414C54483B
:1052B000007265696E697400666F726D6174004694
:1052C0006F726D61742053440053442063617264B3
:1052D00020696E697469616C697A656400617574CE
:1052E0006F736C656570004175746F736C65657084
:1052F000204F4E004175746F736C656570204F468A
:105300004600686561742D636F6F6C006865617439
:105310002D636F6F6C204F4E00686561742D636F55
:105320006F6C204F4646006C617374006572726F3B
:1053300072006C6173745F7061796C6F6164006C92
:105340006173745F766974616C7300646576696318
:10535000652D636865636B00646576696365006CE1
:105360006F636174696F6E006770736465627567FF
:105370000047505344424700677073726177006280
:10538000617474657279006C6F7762617474007413
:1053900065737400736F633D746573742C6261741C
:1053A000745F763D302E30302C726561736F6E3DC8
:1053B0006D616E75616C004C4F575F4241545400F3
:1053C00073746174696F6E6172790073746174696A
:1053D0006F6E61727920726573657400696E6163C6
:1053E000746976655F733D25642C626174745F76C1
:1053F0003D252E32662C726561736F6E3D6D616E58
:1054000075616C00696E6163746976655F733D25D3
:10541000642C7468726573686F6C645F733D256497
:105420002C6368617267696E673D25632C626174E5
:10543000745F763D252E32660053544154494F4ED9
:105440004152595F53544154555300626D6577641E
:1054500000424D4557440077616B6500626174748A
:105460005F763D252E32662C726561736F6E3D6DE1
:10547000616E75616C2C74733D256C750057414BE2
:105480004500736F6C617200534F4C4152006F7056
:105490006300656E61626C65337600656E61626C97
:1054A000653576003376336F6E005475726E696EB3
:1054B00067204F4E20335633005475726E696E6705
:1054C000204F4E20475053005475726E696E67200E
:1054D0004F4E20566974616C73005475726E696E1C
:1054E00067204F4E204E4F4953452073656E736FB2
:1054F00072005475726E696E67204F4E2054656D50
:1055000070657261747572652073656E736F720079
:105510005475726E696E67204F4E2047617320414B
:105520004443003376336F6666005475726E696E5D
:1055300067204F46462047505320616E6420414308
:1055400043005475726E696E67204F464620566957
:1055500074616C73005475726E696E67204F4646B5
:10556000204E4F4953452073656E736F720054751A
:10557000726E696E67204F46462054656D70657285
:1055800061747572652073656E736F720054757205
:105590006E696E67204F464620335633005475724D
:1055A0006E696E67204F4646204761732041444331
:1055B0000035766F6E005475726E696E67204F4EBF
:1055C0002035560035766F6666005475726E696ECA
:1055D00067204F4646204F5043005475726E696EE7
:1055E00067204F4646203556006F70636F6E00543B
:1055F00075726E696E67204F4E204F5043006F707A
:10560000636F666600736F633D25642C626174741A
:105610005F763D252E32662C726561736F6E3D702C
:105620006572696F646963004C6F7720626174749E
:105630006572792064657465637465642E205265B3
:10564000636865636B696E6720696E203130207313
:1056500065636F6E64732E2E2E004C4F575F424170
:1056600054544552595F005F760043686172676920
:105670006E672064657465637465642E205374617D
:1056800079696E67206177616B652E004261747481
:10569000657279206C6F7720616E64206E6F206375
:1056A00068617267696E67206465746563746564B8
:1056B0002E2048696265726E6174696E6720666F3C
:1056C00072203330206D696E757465732E006261CF
:1056D00074745F763D252E32662C726561736F6E31
:1056E0003D68696265726E6174652C74733D256CEA
:1056F0007500496E697420626C6F636B005374614E
:105700007274696E6720436F7265204C69627261C2
:105710007279005475726E696E67204F4E20534443
:105720002063617264005475726E696E67204F4E1B
:10573000203556206C696E650054454D5020696EC9
:105740006974207265747279202564005475726ED4
:10575000696E67204F4E204761732073656E736FCB
:1057600072005475726E696E67204F4E20416363FC
:10577000656C65726F6D65746572004F504320698A
:105780006E697420726574727920256400656E6498
:1057900020494E4954006E616D653D25732C667538
:1057A0006E633D636974797363616E6E65722C6DAF
:1057B0006F64653D25642C626174745F736F633D33
:1057C00025642C626174745F763D252E326600423A
:1057D0004F4F5400736F633D25642C626174745F96
:1057E000763D252E32662C726561736F6E3D626F59
:1057F0006F7400626174745F763D252E32662C7280
:105800006561736F6E3D68696265726E6174652C67
:1058100074733D256C752C636F756E743D256C75C6
:1058200000696E6163746976655F733D256C752CE4
:10583000626174745F763D252E32662C72656173E9
:105840006F6E3D73746174696F6E6172792C7473DD
:105850003D256C752C636F756E743D256C7500620B
:105860006174745F763D252E32662C726561736FAC
:105870006E3D73746F702C74733D256C752C636F63
:10588000756E743D256C75005075626C697368693E
:105890006E673A20006C6173745F7061796C6F6140
:1058A00064207075626C69736865642073756363E6
:1058B00065737366756C6C79005075626C6973689A
:1058C000206661696C65642E205265747279696E18
:1058D00067206F6E20746865206E65787420696E2D
:1058E00074657276616C2E00446576696365206E1E
:1058F0006F7420636F6E6E656374656420746F20CF
:1059000074686520636C6F75642E005077727361E4
:1059100076650025732C25732C25732C25732C2577
:105920007300566974616C73204C6F6767696E67AA
:1059300000526F7574696E65206F7065726174696D
:105940006F6E7300506F7765722053617665204DDE
:105950006F646500505752534156453A2043656C79
:105960006C756C6172206973206F6E004441543411
:1059700000505752534156453A2050617274696342
:105980006C6520697320636F6E6E65637465640077
:10599000505752534156453A205061727469636CB6
:1059A00065206973206E6F7420636F6E6E6563741B
:1059B000656400505752534156453A20536D617209
:1059C0007420636F6E6E6563742054727565005049
:1059D0005752534156453A20536D61727420636F9C
:1059E0006E6E6563742046616C7365005057525348
:1059F0004156453A2043656C6C756C617220697341
:105A0000206F666600425132353739382062617442
:105A100074657279206368617267657220696E6966
:105A20007469616C697A656400425132353739387E
:105A3000206261747465727920636861726765724F
:105A400020696E6974206661696C656400426174E6
:105A50007465727920766F6C746167653A20252EC3
:105A600032665600426174746572792063686172AF
:105A7000676572206E6F7420737461727465642C34
:105A80002063616E6E6F74207265616420766F6C46
:105A9000746167650025642C252E31662C252E3215
:105AA000662C252E316600302C302C300025642CDD
:105AB00025642C256400536F6C6172206D657465DC
:105AC00072202849534C323830323220402030780E
:105AD00034302920696E697469616C697A65640083
:105AE00056535953206D65746572202849534C32C2
:105AF00038303232204020307834352920696E69C0
:105B00007469616C697A656400496E7465726E616E
:105B10006C2074656D703A207573696E6720425110
:105B20003235373938206469652074656D70657267
:105B300061747572652028696620617661696C619F
:105B4000626C652900252E32662C6E6100616374DB
:105B50006976652E6373762063726561746564008F
:105B60006163746976652E637376206973206F7044
:105B7000656E656421004163746976652066696CB1
:105B8000652073697A653A20002530326425303209
:105B90006425303264253032640052656E616D6573
:105BA000207375636365737366756C6C0046616919
:105BB0006C656420746F2072656E616D65006F7036
:105BC000656E696E67206E65772066696C65206614
:105BD00061696C6564210046696C6520737769743E
:105BE0006368207375636365737366756C6C203AC4
:105BF00020000A496E697469616C697A696E672070
:105C0000534420636172642E2E2E00534420696E2B
:105C1000697469616C697A6174696F6E2066616923
:105C20006C6564000A46696C657320666F756E6406
:105C3000206F6E20746865206361726420286E6135
:105C40006D652C206461746520616E642073697ACF
:105C50006520696E206279746573293A200043617A
:105C60007264207375636365737366756C6C7920F9
:105C7000696E697469616C697A65642E0071756515
:105C8000756520666F6C64657220616C7265616415
:105C90007920657869737473206F722063616E6E0A
:105CA0006F742062652063726561746564210064AD
:105CB0006F6E6520666F6C64657220616C726561E1
:105CC000647920657869737473206F722063616EE4
:105CD0006E6F742062652063726561746564210073
:105CE000717565756520666F6C646572206578698D
:105CF00073747300646F6E6520666F6C64657220E8
:105D0000657869737473005265636F726420746F91
:105D10002066696C653A004E2E207265636F72646E
:105D200073207772697474656E20746F2066696C75
:105D300065203A2000535749544348494E4720466E
:105D4000494C450025642C25732C25732C25732C78
:105D50002573002F71756575650071756575652012
:105D600063616E6E6F74206265206F70656E65642E
:105D700021002F646F6E650073645F696E69743A09
:105D800025642C6163746976653A25642C616374BB
:105D90006976655F73697A653A256C752C717565EE
:105DA00075653A25642C646F6E653A25642C7265BE
:105DB000635F636E743A25752C6C6173745F7772E0
:105DC0006974655F6D733A256C750020756E61624C
:105DD0006C6520746F206F70656E00202D2D2D3E38
:105DE00020004572726F722066696C652072656D65
:105DF0006F76652100416C6C2072656D6F7665640D
:105E0000210052652D696E7469616C697A696E67EB
:105E1000207468652073642D6361726400534420AC
:105E200072652D696E6974206661696C65640044F1
:105E3000656C6574696E6720616C6C2066696C6561
:105E4000732E2E2E00416C6C2066696C6573206485
:105E5000656C6574656400517565756520666F6C69
:105E6000646572206372656174656400446F6E6579
:105E700020666F6C6465722063726561746564008E
:105E800053642072652D696E697469616C697A6505
:105E900064004C4953545F5354415254002F717560
:105EA0006575652F002F646F6E652F002F61637419
:105EB0006976652E637376004C4953545F454E44B2
:105EC0000046494C455F4552524F523A43616E6E0F
:105ED0006F74206F70656E2066696C650046494C72
:105EE000455F53544152543A0046494C455F454E34
:105EF000443A00537461727465642064756D70690E
:105F00006E672064617461002061726520676F694B
:105F10006E6720746F206265207472616E736D69A4
:105F200074746564003132372E302E302E310043C8
:105F30006F6E6E656374696F6E20746F20656E643A
:105F4000706F696E742065737461626C69736865E3
:105F5000640046696C6520726574726965766520B7
:105F600066726F6D207175657565206661696C6517
:105F70006420286E6F2066696C6520746F206272E1
:105F80006F61646361737429210044756D70696E7B
:105F9000672066696C65203A200053697A653A206B
:105FA0000053656E64696E672074686520666F6C67
:105FB0006C6F77696E672064617461206F766572BB
:105FC000205443500054435020626F64792077720C
:105FD00069746520726573756C743A200046696C4B
:105FE0006520636F756C64206E6F74206265206D30
:105FF0006F76656420746F20646F6E6520666F6CC9
:10600000646572210054686520636F6E6E65637409
:10601000696F6E2063616E6E6F74206265206573B8
:106020007461626C697368656400436F6E6669676A
:106030007572696E672049324320627573207769F3
:106040007468203235362D62797465206275666613
:1060500065722E2E2E0049324320636F6E6669678B
:10606000757265640052474220636F6E74726F6C84
:106070006C6572206661696C656420746F2062656E
:1060800067696E00436F756C64206E6F7420696E73
:10609000697469616C697A652053505333302063A9
:1060A0006F6D6D756E69636174696F6E2063686191
:1060B0006E6E656C2E004465746563746564205370
:1060C000505333302E00417474656D7074696E677F
:1060D0002053505333302072657365742E2E2E007A
:1060E0005350533330206D6561737572656D656E05
:1060F000742073746172746564207375636365736F
:106100007366756C6C792100436F756C64206E6FDB
:1061100074207374617274205350533330206D6552
:1061200061737572656D656E740053505333302022
:10613000617474656D7074202564206661696C6596
:10614000642C207265747279696E672E2E2E00435E
:106150006F756C64206E6F74207374617274205359
:10616000505333302061667465722033206174743B
:10617000656D7074732E00436F756C64206E6F7460
:106180002073657420535053333020746F20736C28
:106190006565702E006E612C6E612C6E612C6E61D7
:1061A0002C6E612C6E612C6E612C6E6100424D452F
:1061B00032383020626567696E49324320726574F7
:1061C00075726E65643A20256400424D4532383060
:1061D00020696E6974206661696C656400424D4592
:1061E00032383020696E697469616C697A6564005F
:1061F000252E31662C252E316600424D4532383031
:10620000206661696C656420666F7220256C75205C
:106210006D732C20726573657474696E6700626DAE
:10622000655F7265696E69743A256C752C626D657F
:106230005F72657365743A256C750048494748007C
:106240004C4F57000A2D2D2D2D2D20414453313216
:10625000353620414443202D2D2D2D2D0041445312
:10626000313235363A20445244592070696E2073D9
:1062700074617465206265666F726520696E697409
:106280003A200041445331323536205374617475DD
:10629000733A2030782530326C5800414453313203
:1062A00035363A204E6F20726573706F6E736520BD
:1062B00028636865636B20776972696E672F706FFA
:1062C000776572290020202D20445244592070699E
:1062D0006E3A204431360020202D2043532070692F
:1062E0006E3A2044340020202D20535049313A206A
:1062F0004D4F53492F4D49534F2F53434B0041446A
:1063000053313235363A20445244592070696E2058
:106310007374617465206E6F773A20004144533185
:10632000323536205047413A2025640041445331EC
:106330003235362044524154453A203078253032A7
:106340006C5800414453313235363A20496E6974F5
:1063500069616C697A656400252E36662C252E36B7
:10636000662C252E36662C252E366600436F756CFE
:1063700064206E6F742077616B65207570205350B8
:106380005333302E0043656C6C756C6172204D6F19
:1063900064656D206973206F6666004E756D206FB1
:1063A00066206D696E20746F207475726E206F6E3A
:1063B0002063656C6C756C6172203A2000547572B4
:1063C0006E696E672043656C6C756C6172204D6FF1
:1063D00064656D204F6E0043656C6C756C61722056
:1063E0004D6F64656D206973206F6E0043656C6C42
:1063F000756C6172206973206E6F7420636F6E6EAE
:10640000656374656400547279696E6720746F20E7
:106410007265636F6E6E656374203A200054757206
:106420006E696E672043656C6C756C6172204D6F90
:1064300064656D204F66660048656174657220452D
:106440006E61626C656400486561746572204469C0
:106450007361626C65640033563320456E61626C13
:106460006564003356332044697361626C6564006F
:106470003356332053656E736F7220456E61626CC4
:106480006564003356332053656E736F7220446920
:106490007361626C65640033563320475053204566
:1064A0006E61626C6564003356332047505320445C
:1064B000697361626C6564004F504320456E616290
:1064C0006C6564004F50432044697361626C65647D
:1064D000004F50432F355620456E61626C65640055
:1064E0004F50432F35562044697361626C656400D8
:1064F0004750532041637469766174656400475066
:1065000053204465616374697661746564006465F1
:106510006661756C7420004D5342004C5342003C40
:1065200053504953657474696E677320646566617E
:10653000756C743E003C53504953657474696E67C2
:10654000732025732575202573204D4F44452575EF
:106550003E0000000000000000000000D1A40B007D
:10656000A3A40B00A5A40B0000010201030101017B
:106570000401010101010101055265616420726598
:1065800067697374657220307800203D2030780090
:106590005374657020312028534F46545F52455341
:1065A00054293A2000736F6674776172655265737F
:1065B00065743A204641494C454420617420737407
:1065C0006570203100537465702032202843545286
:1065D0004C5F524547323D30783030293A200073C5
:1065E0006F66747761726552657365743A204641CF
:1065F000494C454420617420737465702032005307
:10660000746570203320284354524C5F5245473202
:106610003D30783830293A2000736F6674776172A4
:106620006552657365743A204641494C4544206182
:10663000742073746570203300736F6674776172B1
:106640006552657365743A2053554343455353006F
:106650004B58544A335F444154415F4354524C5F5A
:106660005245473A20307800486967682052657380
:106670006F6C7574696F6E20736574004B58544A63
:10668000335F4354524C5F524547313A20307800D3
:10669000436F6E6669677572696E6720494D550074
:1066A0005741524E494E473A2057697265206E6FE6
:1066B0007420656E61626C656421005769726520A3
:1066C000616C726561647920656E61626C65642CD1
:1066D00020736B697070696E6720696E697400431E
:1066E000616C6C696E6720736F6674776172655256
:1066F00065736574282900736F66747761726552DB
:10670000657365742072657475726E65643A2000F5
:10671000626567696E2829206661696C656420611D
:106720007420736F66747761726552657365740067
:10673000626567696E2829206661696C65642061FD
:10674000742057484F5F414D5F4920636865636B14
:10675000004170706C792073657474696E677300A2
:106760004B58544A335F494E545F4354524C5F5226
:106770004547313A203078004B58544A335F4354F0
:10678000524C5F524547323A203078004B58544AB9
:10679000335F494E545F4354524C5F524547323A3F
:1067A000203078004B58544A335F57414B45555081
:1067B0005F5448524553484F4C445F483A20307824
:1067C000004B58544A335F57414B4555505F54482E
:1067D000524553484F4C445F4C3A203078004B5858
:1067E000544A335F57414B4555505F434F554E54C4
:1067F00045523A203078004B58544A335F4E415F3F
:10680000434F554E5445523A203078000405060750
:1068100007070707000102031F1C1F1E1F1E1F1F63
:106820001E1F1E1F000000000000000067BA0B00C2
:10683000A5BA0B004FBA0B0069BA0B00A3BB0B0043
:10684000D1BA0B00E3BA0B0099BA0B0023080C0075
:106850008FBA0B00696E697469616C697A617469D9
:106860006F6E206661696C65642E205468696E677E
:106870007320746F20636865636B3A002A20697324
:106880002061206361726420696E7365727465644F
:106890003F002A20697320796F75722077697269C9
:1068A0006E6720636F72726563743F002A206469AB
:1068B0006420796F75206368616E67652074686510
:1068C000206368697053656C6563742070696E201D
:1068D000746F206D6174636820796F7572207368BE
:1068E00069656C64206F72206D6F64756C653F0024
:1068F000436F756C64206E6F742066696E64204609
:10690000415431362F4641543332207061727469DC
:1069100074696F6E2E0A4D616B6520737572652008
:10692000796F7527766520666F726D617474656422
:1069300020746865206361726400436C75737465CC
:1069400072733A2020202020202020202000426C3A
:106950006F636B73207820436C75737465723A2093
:106960002000566F6C756D652074797065206973B1
:106970003A2020202046415400566F6C756D6520EA
:1069800073697A6520284D62293A2020005468698D
:106990007320636172642073686F756C6420626534
:1069A000207265666F726D617474656420666F72C3
:1069B000206265737420706572666F726D616E63BC
:1069C000652E00557365206120636C757374657264
:1069D0002073697A65206F66203332204B4220662F
:1069E0006F72206361726473206C617267657220DC
:1069F0007468616E20312047422E004F6E6C792002
:106A00006361726473206C6172676572207468617F
:106A10006E20322047422073686F756C6420626577
:106A200020666F726D617474656420464154333220
:106A30002E007C3C3E5E2B3D3F2F5B5D3B2C2A2293
:106A40005C00000000000000000000005DCA0B00B8
:106A50005FCA0B0065D60B00B5060C0054582F52C8
:106A600058206C696E65206E6F7420646566696E6F
:106A700065640A00496E636F72726563742062799F
:106A8000746520556E7374756666696E672E20474F
:106A90006F743A203078253032580A00203078253B
:106AA0003032580054696D654F7574206475726991
:106AB0006E672072656164696E6720627974652013
:106AC00025640A00496E636F7272656374204865BD
:106AD000616465722E20457870656374656420304A
:106AE00078374520676F742030783032580A00308C
:106AF000782530325820006C656E6774683A20251E
:106B0000640A0A000A5265636569766520627566E3
:106B10006665722066756C6C0A004352432065728C
:106B2000726F722E206578706563746564203078AA
:106B3000253032582C20676F742030782530325839
:106B40000A002578203A207374617465206572729A
:106B50006F720A004932432053656E64696E673A6A
:106B600020004552524F523A2053656E736F722087
:106B70006973206E6F7420696E206D656173757224
:106B8000656D656E74206D6F64650A00696E73745F
:106B900072756374696F6E206661696C65640A0062
:106BA00049324320435243206572726F723A204546
:106BB00078706563746564203078253032582C20F5
:106BC00063616C63756C6174656420307825303264
:106BD000580A004572726F723A20446174612063F2
:106BE0006F756E7465722025640A004572726F724B
:106BF0003A205265636569766564204E4F2062795C
:106C00007465730A004572726F723A204578706538
:106C100063746564206279746573203A2025642C5E
:106C200020526563656976656420627974657320B6
:106C300025640A0043616E206E6F742073657420B2
:106C4000706F696E7465720A004932432052656341
:106C500065697665643A20004572726F72206475CA
:106C600072696E672072656164696E672066726F13
:106C70006D204932433A203078253032580A0025B9
:106C800064204E6F7420656E6F756768206279743A
:106C9000657320666F7220616C6C2076616C75651F
:106CA000730A004173736574547261636B6572009B
:106CB000000000000000000059E70B006DE70B002A
:106CC000000000000000000001E70B0041E70B009E
:106CD000000000000000000083E70B0085E70B00C8
:106CE0006170702E75626C6F78004750524D430092
:106CF000474E524D4300475047474100474E474794
:106D000041000000000000000000000053FC0B00E8
:106D100049FC0B003FFC0B0035FC0B0029FC0B0071
:106D20001DFC0B00E5320C00ED320C0011FC0B00D9
:106D300009FC0B00FFFB0B00F5FB0B0039340C00CA
:106D40001D330C0025330C000008101820283038A3
:106D50000000000000000000A1FE0B0097FE0B00E9
:106D60008DFE0B0083FE0B0077FE0B006BFE0B000D
:106D7000E5320C00ED320C005FFE0B0057FE0B00FD
:106D80004DFE0B0043FE0B0039340C001D330C008C
:106D900025330C00776972696E67005379737465E7
:106DA0006D20736C65657020636F6E6669677572C0
:106DB0006174696F6E20697320696E76616C6964B5
:106DC0002E00000000000000000000000000000095
:106DD00000000000E1060C00E3060C00A1060C0018
:106DE000F3250C00626175640053657269616C0083
:106DF00053657269616C31004A534F4E537472652A
:106E0000616D4C6F6748616E646C65720061707093
:106E100000253031307520005D20002C200028290D
:106E20003A2000205B00636F6465203D20002569E7
:106E30000064657461696C73203D20000D0A006D6B
:106E4000006C6E00666E00636F646500646574615B
:106E5000696C00000000000000000000F90C0C004C
:106E6000110D0C0075140C0019160C000000000028
:106E700000000000250D0C00390D0C0051160C000F
:106E80007D080C0000000000000000008F080C00CE
:106E9000B5080C00D9130C007F080C00000000009E
:106EA000000000008D080C00C3080C00610C0C00F1
:106EB000E5080C0025592D256D2D25645425483AEB
:106EC000254D3A2553257A0061736374696D650019
:106ED0006E616E00696E66006F76660000000000ED
:106EE0000000000069190C0091190C006B190C00CE
:106EF000A1190C00D5190C00011A0C00351A0C0050
:106F0000F91B0C006F190C008B190C00FCFFFFFF24
:106F100000000000451C0C00000000000000000004
:106F2000D11D0C00D71D0C00151E0C00E51D0C001A
:106F3000D31D0C000000000000000000A9230C007D
:106F400099230C009B230C000000000000000000AF
:106F5000BB240C0023250C00F9240C00B5060C0002
:106F6000EB240C00BD240C00CD240C001D250C00CE
:106F700023080C00DD240C00B5240C0075253034EA
:106F8000780000000000000000000000332A0C0020
:106F9000292A0C001F2A0C00D5290C00132A0C00EA
:106FA000072A0C00E5320C00ED320C00FB290C0026
:106FB000F3290C00E9290C00DF290C0039340C00FE
:106FC0001D330C0025330C00000000000000000001
:106FD000C12A0C002D2B0C00052B0C00B5060C0053
:106FE000D52A0C00F12A0C00E32A0C00FF2A0C0021
:106FF00023080C00C32A0C00C72A0C000000000064
:1070000000000000A12B0C00EB2B0C00C32B0C008C
:10701000A32B0C00CB2B0C00D32B0C00DB2B0C0078
:10702000E32B0C0023080C007265637620657272F6
:107030006F72203D20256400000000000000000069
:10704000992D0C00BD2D0C009F320C00CB2D0C0097
:107050009D2D0C00000000000000000031190C0004
:1070600049190C00152D0C002F2D0C0035310C008A
:10707000592D0C00B32F0C008D2D0C0023080C0093
:1070800045300C00852E0C00E12F0C00E9310C007E
:10709000812F0C008F2D0C00412D0C00D12D0C00E8
:1070A000652E0C0094DE032070DF0320B4DF032084
:1070B000A8DE03200000000000000000A5320C0044
:1070C000AF320C00B9320C00C3320C00CD320C00D0
:1070D000D9320C00E5320C00ED320C00F5320C0018
:1070E00001330C0009330C0013330C0039340C004D
:1070F0001D330C0025330C0000537431395F53707D
:107100005F6D616B655F7368617265645F74616711
:107110000000000054710C00F9700C00B4710C00F8
:1071200028710C00D8710C004E31305F5F637878A5
:10713000616269763131375F5F636C6173735F746D
:107140007970655F696E666F4500000000000000A1
:107150001C710C0031370C0045370C00D9380C007D
:10716000D9380C00AF370C00F1360C0097370C0003
:1071700059370C0023370C00B4710C0084710C00DB
:107180001C710C004E31305F5F6378786162697604
:107190003132305F5F73695F636C6173735F747901
:1071A00070655F696E666F450000000000000000BA
:1071B00078710C00D9370C00ED370C00D9380C0071
:1071C000D9380C00AF370C00F1360C00AD380C008C
:1071D00039380C0001380C0054710C00E0710C00BF
:1071E000537439747970655F696E666F00000000D2
:1071F000000000000000000000000000000030431C
:1072000000000000000030C35245454E54206D611F
:107210006C6C6F6320737563636565646564002FD0
:107220006D6E742F776F726B73706163652F776FFC
:10723000726B73706163652F4743432D31302D703E
:107240006970656C696E652F6A656E6B696E732D0A
:107250004743432D31302D706970656C696E652D23
:1072600034385F32303230313132345F313630369B
:107270003138303634312F7372632F6E65776C6915
:10728000622F6E65776C69622F6C6962632F73740D
:10729000646C69622F72616E642E6300002020208E
:1072A00020202020202028282828282020202020B6
:1072B0002020202020202020202020202088101086
:1072C00010101010101010101010101010040404E2
:1072D00004040404040404101010101010104141A0
:1072E000414141410101010101010101010101018E
:1072F00001010101010101011010101010104242A2
:10730000424242420202020202020202020202025D
:1073100002020202020202021010101020000000FD
:10732000000000000000000000000000000000005D
:10733000000000000000000000000000000000004D
:10734000000000000000000000000000000000003D
:10735000000000000000000000000000000000002D
:10736000000000000000000000000000000000001D
:10737000000000000000000000000000000000000D
:1073800000000000000000000000000000000000FD
:1073900000000000000000000000000000000000ED
:1073A000D1500B000D560B004D5B0B00BD780B0050
:1073B000E1840B00ED900B00B19C0B0069C10B0048
:1073C00041CA0B0001E40B00C5E70B005DFC0B009C
:1073D00085FC0B00ADFE0B001D000C0091060C009F
:1073E00065140C0015190C005D190C00912A0C0095
:0873F000F92C0C004D340C00D7
:0873F8009CD6FE7F010000009D
:10740000040000001400000003000000474E550077
:1074100050E0C8952113185283136D8D2F6D7C9801
:047420007E43DBF5D7
:10742400020000000000C8400000803F000000404F
:10743400023C78000102040810204080FFFFFFFF97
:107444008C6E0C00A46E0C00C86E0C00FF000000D3
:10745400D8D303200000000000000000000000005A
:107464000000000000000000000000000000000018
:107474000000000000000000000000000000000008
:1074840000000000000000000000000000000000F8
:1074940000000000000000000000000000000000E8
:1074A40000000000000000000000000000000000D8
:0474B40000000000D4
:1074B80000000000000000000000000000000000C4
:0874C8000000000000000000BC
:1074D60000000102030405060708090A0B0C0D0E3D
:1074E6000F101112131415161718191A1B1C1D1E2E
:0474F6001F2028002B
:0474FA00785634127A
:04000003B0004020E9
:00000001FF
